date,bM,bZ,M8M7,Z8Z7
2022-12-28,,,5.500000000000682,3.0000000000001137
2022-12-29,,,5.500000000000682,4.4999999999987494
2022-12-30,,,6.000000000000227,3.0000000000001137
2023-01-02,,,5.499999999999261,3.000000000000158
2023-01-03,,,5.500000000000682,3.999999999999204
2023-01-04,,,5.499999999999261,4.000000000000625
2023-01-05,,,4.5000000000001705,3.499999999999659
2023-01-06,,,4.5000000000001705,3.0000000000001137
2023-01-09,,,4.999999999999716,3.499999999999659
2023-01-10,,,5.000000000001137,2.500000000000613
2023-01-11,,,5.500000000000682,3.50000000000108
2023-01-12,,,5.999999999998806,3.0000000000001137
2023-01-13,,,6.000000000000227,3.50000000000108
2023-01-16,,,6.499999999999773,4.999999999999716
2023-01-17,,,7.499999999998863,5.499999999999261
2023-01-18,,,4.999999999999716,3.4999999999997033
2023-01-19,,,4.999999999999716,3.499999999999659
2023-01-20,,,4.5000000000001705,2.000000000001023
2023-01-23,,,5.499999999999261,3.499999999999659
2023-01-24,,,5.499999999999261,3.0000000000001137
2023-01-25,,,4.999999999999716,3.0000000000001137
2023-01-26,,,4.99999999999976,2.5000000000005684
2023-01-27,,,4.5000000000001705,2.5000000000005684
2023-01-30,,,4.000000000000625,2.4999999999991473
2023-01-31,,,4.999999999999716,3.0000000000001137
2023-02-01,,,4.000000000000581,2.4999999999991473
2023-02-02,,,4.500000000000126,3.0000000000001137
2023-02-03,,,4.4999999999987494,2.4999999999991473
2023-02-06,,,4.5000000000001705,2.5000000000005684
2023-02-07,,,4.5000000000001705,3.0000000000001137
2023-02-08,0.991463733961795,0.9745172193810033,4.000000000000625,3.0000000000001137
2023-02-09,0.9914607147698256,0.9764428491731753,4.000000000000625,2.4999999999991473
2023-02-10,0.9861085801595462,0.9778959418832212,2.5000000000005684,1.0000000000005116
2023-02-13,0.9836047535211492,0.9769713154104545,1.999999999999602,0.49999999999954525
2023-02-14,0.9840555900728016,0.9827749443818767,2.000000000001023,0.5000000000009663
2023-02-15,0.9850298894176502,0.9837123699581755,3.499999999999659,1.5000000000000568
2023-02-16,0.9892062182713531,0.9858282534147307,4.5000000000001705,2.4999999999991473
2023-02-17,0.9889944972486516,0.9807486474202047,4.000000000000625,2.4999999999991473
2023-02-20,0.9886016044324152,0.9810565517645881,2.4999999999991473,1.5000000000000568
2023-02-21,0.9888442025381488,0.9833111970895659,2.5000000000005684,1.0000000000005116
2023-02-22,0.9921641712022978,0.9901510983875412,3.0000000000001137,1.5000000000000568
2023-02-23,0.9956625367718331,0.9882387106142022,2.4999999999991473,1.5000000000000568
2023-02-24,0.996116823452228,0.9896246817597033,2.5000000000005684,1.0000000000005116
2023-02-27,0.9983594454926059,0.9938133990330398,4.5000000000001705,2.4999999999991473
2023-02-28,1.0095145802132226,1.00248291189425,5.500000000000682,4.000000000000625
2023-03-01,0.997688082845722,0.9868928988239519,6.000000000000227,3.499999999999659
2023-03-02,0.9977882172299982,0.9866726710644826,5.499999999999261,3.499999999999659
2023-03-03,1.002261566296224,0.9967160334835706,5.000000000001137,3.499999999999659
2023-03-06,1.0015707237363256,0.9966180270557741,4.5000000000001705,2.5000000000005684
2023-03-07,1.0037114681833752,0.9969877240301384,3.499999999999659,2.000000000001023
2023-03-08,1.0094957998202287,0.9969604326081968,2.5000000000005684,1.999999999999602
2023-03-09,1.009413650391163,0.9978284152164776,3.0000000000001137,1.9999999999995577
2023-03-10,1.0048999012380953,0.9978770641904474,3.499999999999659,1.999999999999602
2023-03-13,1.0029688218926194,0.9956022477400466,4.999999999999716,3.499999999999659
2023-03-14,0.9551410909420944,0.9141608605305126,-1.999999999999602,-9.999999999999387
2023-03-15,0.9471764232780259,0.9266212884285652,-0.5000000000009663,-13.500000000000512
2023-03-16,0.9212472119527426,0.8764509460963994,1.999999999999602,-7.500000000000284
2023-03-17,0.8751708428246561,0.8233625240450634,6.499999999999773,-2.5000000000005684
2023-03-20,0.8452256182194601,0.7929838874159187,3.499999999999659,-2.4999999999991473
2023-03-21,0.837701722083875,0.7947293221146665,1.5000000000000568,-3.0000000000001137
2023-03-22,0.8443199113215091,0.8030519835973134,1.999999999999602,-3.0000000000001137
2023-03-23,0.8299716108954893,0.7853314398277965,4.5000000000001705,-0.5000000000009663
2023-03-24,0.8353955442903216,0.7889812036589849,4.5000000000001705,0.0
2023-03-27,0.8390196143507034,0.7926909579698878,6.000000000000227,0.49999999999958966
2023-03-28,0.8309838485510549,0.7815429797808965,5.499999999999261,0.0
2023-03-29,0.8269112460900189,0.771124121113242,5.499999999999261,1.999999999999602
2023-03-30,0.825334858989057,0.7670837343599942,4.5000000000001705,0.49999999999954525
2023-03-31,0.8263354260382789,0.7723859354244341,5.000000000001137,0.49999999999954525
2023-04-03,0.8335920039732156,0.7737132917221198,5.499999999999261,1.999999999999602
2023-04-04,0.8165624326073136,0.7525802752293876,6.000000000000227,2.000000000001023
2023-04-05,0.8173027729458973,0.753678690009091,6.499999999999773,2.4999999999991473
2023-04-06,0.8134159704150364,0.750164159077319,6.000000000000227,1.999999999999602
2023-04-10,0.8119528866843743,0.7494521127302429,6.000000000000227,1.999999999999602
2023-04-11,0.8144207648473488,0.7519382706933934,6.000000000000227,2.000000000001023
2023-04-12,0.8101682001507436,0.7438549889633308,6.499999999999728,2.9999999999986926
2023-04-13,0.7896847011760324,0.7216998639119547,7.499999999998863,4.4999999999987494
2023-04-14,0.7905764268804425,0.7235624180865452,6.999999999999318,4.5000000000001705
2023-04-17,0.7973153672084196,0.737074401008876,6.999999999999318,5.000000000001137
2023-04-18,0.7898918483777488,0.7248271337001508,6.000000000000227,4.5000000000001705
2023-04-19,0.790599021586689,0.7232861559127023,5.499999999999261,3.499999999999659
2023-04-20,0.7659667382364933,0.6962737185541754,6.500000000001194,4.5000000000001705
2023-04-21,0.7655759587286884,0.6986643963178136,6.000000000000227,4.4999999999987494
2023-04-24,0.735093128880383,0.6412334578611176,6.000000000000227,3.999999999999204
2023-04-25,0.7522185505143303,0.6636626821068704,6.499999999999773,4.999999999999716
2023-04-26,0.8225550660793076,0.8414835164835317,7.499999999998863,5.500000000000682
2023-04-27,0.8230041485379014,0.7991093518060371,7.500000000000284,5.499999999999261
2023-04-28,0.8708010335917526,0.8789166407572266,6.999999999999318,5.000000000001137
2023-05-01,0.9086669528195984,0.9189229304010889,6.999999999999318,5.000000000001137
2023-05-02,0.9235916499857282,0.9264529712854128,7.499999999998863,4.5000000000001705
2023-05-03,0.9408866995074144,0.928527965113313,7.500000000000284,5.499999999999261
2023-05-04,0.9140862944162705,0.921832085734269,11.50000000000091,7.9999999999998295
2023-05-05,0.9383235724743977,0.9445411995210303,11.499999999999488,7.9999999999998295
2023-05-08,0.9348770280795997,0.9450909141343118,10.999999999999943,8.499999999999375
2023-05-09,0.928918169209451,0.9426994906621121,10.999999999999943,8.499999999999375
2023-05-10,0.934182305630054,0.9465807111211723,10.999999999999943,9.000000000000341
2023-05-11,0.9437262357414661,0.9617522941924834,10.500000000000398,8.499999999999375
2023-05-12,0.9484634423017474,0.9748437946665395,9.999999999999387,8.500000000000796
2023-05-15,0.9508722678965439,0.9703662286832357,10.499999999998977,8.500000000000796
2023-05-16,0.9561842728224781,0.9869149622604477,11.499999999999488,9.000000000000297
2023-05-17,0.9562596865851489,0.9888054668884338,9.999999999999432,8.500000000000796
2023-05-18,0.9397215639810339,0.9740469538273675,8.499999999999375,7.500000000000284
2023-05-19,0.9419522466721569,0.9779703101061433,7.9999999999998295,6.499999999999773
2023-05-22,0.9422215128485206,0.9768934868515607,7.9999999999998295,7.000000000000739
2023-05-23,0.9374674309536118,0.9752838636331117,7.500000000000329,6.500000000001194
2023-05-24,0.9317491802615007,0.967248016798835,7.500000000000284,6.499999999999773
2023-05-25,0.9322607271890667,0.9680874316939471,6.499999999999773,5.500000000000682
2023-05-26,0.9322607271890665,0.9680874316939359,6.000000000000227,5.499999999999217
2023-05-29,0.931908794160511,0.9752889493226704,6.499999999999773,4.999999999999716
2023-05-30,0.9323208757683177,0.9720541313675185,6.999999999999318,5.500000000000682
2023-05-31,0.9361069836552744,0.9766184422036619,7.000000000000739,5.999999999998806
2023-06-01,0.9336815657233625,0.9763286700733059,7.9999999999998295,6.499999999999773
2023-06-02,0.9307986541138497,0.9707519057933239,7.000000000000739,5.499999999999261
2023-06-05,0.9322519900710553,0.9711134943578745,6.999999999999318,5.499999999999261
2023-06-06,0.9311231455356404,0.9783224550411991,7.9999999999998295,6.499999999999773
2023-06-07,0.9320120722153903,0.9756062784424694,7.500000000000329,6.000000000000227
2023-06-08,0.924426236929064,0.9603190329931378,9.000000000000341,9.999999999999432
2023-06-09,0.9037278808804307,0.947007677227224,7.9999999999998295,8.499999999999375
2023-06-12,0.9038492641112547,0.9472880747126481,7.9999999999998295,7.9999999999998295
2023-06-13,0.8998093280503875,0.934337900914021,6.999999999999318,7.000000000000739
2023-06-14,0.8988756516262008,0.9361606809527375,6.500000000001194,7.000000000000739
2023-06-15,0.9115662554397558,0.9304236803099403,4.000000000000625,4.500000000000126
2023-06-16,0.9116263440860254,0.9285846267553509,2.4999999999991473,4.000000000000625
2023-06-19,0.9291012010105374,0.9384361806720142,4.000000000000581,4.5000000000001705
2023-06-20,0.9555799818957906,0.9418808895173495,3.0000000000000693,4.999999999999716
2023-06-21,0.9583961086479398,0.9432643597323183,2.9999999999986926,4.5000000000001705
2023-06-22,0.9458772052722064,0.9329576905688629,1.5000000000001013,3.499999999999659
2023-06-23,0.9455942301662322,0.9419381636928118,1.999999999999602,3.50000000000108
2023-06-26,0.9410080183276441,0.946107457636341,2.4999999999991473,0.9999999999990905
2023-06-27,0.9303041971506019,0.936074712227586,1.0000000000005116,-0.5000000000009663
2023-06-28,0.9237852090570952,0.9294045426641857,2.4999999999991473,0.9999999999990905
2023-06-29,0.9372683959767727,0.9383818342151594,2.5000000000005684,1.0000000000005116
2023-06-30,0.9379964559328523,0.9393633796618788,1.5000000000000568,0.0
2023-07-03,0.9329906166335135,0.9376272275990044,0.0,-1.0000000000005116
2023-07-04,0.9373273229606582,0.9407967950144579,1.0000000000005116,-0.49999999999954525
2023-07-05,0.9393485585923508,0.9450352575699966,1.5000000000000568,0.49999999999954525
2023-07-06,0.9457732301498285,0.9497072655725151,0.49999999999954525,-0.49999999999954525
2023-07-07,0.9465598772004048,0.951590577016744,3.0000000000001137,1.0000000000005116
2023-07-10,0.9474587565374044,0.9452293882978818,3.499999999999659,1.5000000000000568
2023-07-11,0.9480510241105662,0.9458120903131988,3.999999999999204,2.5000000000005684
2023-07-12,0.9332703808624806,0.9335029143910476,6.000000000000227,4.5000000000001705
2023-07-13,0.9389322782859184,0.9371221762647285,6.000000000000227,4.5000000000001705
2023-07-14,0.9413161749995422,0.938813312884672,5.499999999999261,4.5000000000001705
2023-07-17,0.939813898237998,0.93554067639581,6.000000000000227,5.500000000000682
2023-07-18,0.9382484340457083,0.937831950020721,7.000000000000739,6.000000000000227
2023-07-19,0.9412882214583057,0.9409911368923319,6.999999999999318,6.000000000000272
2023-07-20,0.9463845803545567,0.9492935564127802,6.999999999999318,5.499999999999261
2023-07-21,0.9445520434980679,0.9425829129670699,7.000000000000739,6.999999999999318
2023-07-24,0.9437107599047501,0.9429132192951322,7.500000000000284,7.000000000000739
2023-07-25,0.9459503842701162,0.9450274293778888,7.500000000000329,7.000000000000739
2023-07-26,0.9439632796918188,0.944367303271038,6.000000000000227,6.499999999999773
2023-07-27,0.9524801675728771,0.95126056212627,6.499999999999773,6.999999999999318
2023-07-28,0.9478200318964989,0.9486390573920976,8.00000000000125,6.9999999999992735
2023-07-31,0.9423024180646352,0.9456324950257275,8.500000000000796,7.999999999999785
2023-08-01,0.9283951226736387,0.9460422347391654,9.000000000000385,8.499999999999375
2023-08-02,0.9291360516004443,0.9440594223563313,8.99999999999892,9.999999999999432
2023-08-03,0.9440293657032846,0.9524132710329206,10.500000000000398,10.500000000000353
2023-08-04,0.9408703775333632,0.9447852760736442,9.000000000000341,9.499999999999886
2023-08-07,0.9445175438596365,0.9375456537618894,9.999999999999432,9.999999999999432
2023-08-08,0.9635573386826927,0.9588741549140508,9.499999999999886,9.499999999999886
2023-08-09,0.9680408218074099,0.96222810512815,9.499999999999886,9.000000000000341
2023-08-10,0.9675882597160932,0.9627140456869179,9.499999999999886,9.499999999999886
2023-08-11,0.9621294952586872,0.9563097884839045,8.99999999999892,9.000000000000341
2023-08-14,0.9675765050644451,0.9595931830676284,9.000000000000341,7.9999999999998295
2023-08-15,0.9649422400803164,0.9588183735517348,8.500000000000796,7.9999999999998295
2023-08-16,0.9642771613314808,0.9585666446143543,9.000000000000341,7.9999999999998295
2023-08-17,0.9760305232026973,0.9684678043566323,9.000000000000341,7.9999999999998295
2023-08-18,0.9809463986599182,0.9731642376681501,8.500000000000796,7.500000000000284
2023-08-21,0.9800743444626312,0.9724511419825652,8.500000000000796,7.50000000000024
2023-08-22,0.9846888869127577,0.974530352681603,7.9999999999998295,7.500000000000284
2023-08-23,1.0172818267125212,1.0012666098611291,6.999999999999318,6.999999999999318
2023-08-24,1.0178255745432907,1.0007231006556074,7.000000000000739,7.000000000000739
2023-08-25,1.0106245120370667,0.9949626969434437,5.500000000000682,5.499999999999261
2023-08-28,1.0132916340891154,0.999512690355321,5.499999999999261,5.500000000000682
2023-08-29,1.0244737683210623,0.9976057042123752,6.000000000000227,6.499999999999773
2023-08-30,1.0249611939722831,0.9939643397689037,5.500000000000682,4.5000000000001705
2023-08-31,1.0234991375166202,0.9831764990285541,5.499999999999261,6.000000000000227
2023-09-01,1.0392011048550074,0.9936884084242543,7.500000000000284,6.500000000001194
2023-09-04,1.0348914333589474,0.9938861197731327,6.499999999999773,6.499999999999773
2023-09-05,1.0363477881891627,0.9927677873338645,7.500000000000284,6.000000000000227
2023-09-06,1.0345690992107293,0.9923399006783828,6.000000000000227,5.499999999999261
2023-09-07,1.03398558187437,0.9901162464199537,6.000000000000227,6.000000000000227
2023-09-08,1.0354507195570541,0.9910068050111879,6.000000000000227,4.999999999999716
2023-09-11,1.0369786563285632,0.9918444564560811,6.499999999999773,4.999999999999716
2023-09-12,1.0344344829443157,0.9872506237015006,5.499999999999261,4.5000000000001705
2023-09-13,1.0327913279132965,0.9923304730807309,4.000000000000625,3.50000000000108
2023-09-14,1.0106630684295954,0.9695083711071809,4.5000000000001705,5.000000000001137
2023-09-15,1.0238737309644736,0.9835238506465468,6.999999999999318,7.000000000000739
2023-09-18,1.019273477157378,0.9854029041980005,7.000000000000739,8.00000000000125
2023-09-19,1.0162857221191808,0.9751773049645442,6.500000000001194,6.499999999999773
2023-09-20,1.0155934161132283,0.9696587698326417,6.499999999999773,8.00000000000125
2023-09-21,1.0134566787809856,0.966631100709018,6.000000000000227,7.500000000000284
2023-09-22,1.0176714463535368,0.9682989859033934,7.500000000000284,7.9999999999998295
2023-09-25,1.034454943535424,0.9947059935715504,10.999999999999943,11.999999999999034
2023-09-26,1.0368702941861825,0.9936193999327315,10.999999999999899,11.000000000001364
2023-09-27,1.0365658233380728,0.9931212694715267,10.500000000000398,10.999999999999943
2023-09-28,1.035273848385955,1.0007082152974545,10.999999999999943,11.50000000000091
2023-09-29,1.0258900640548425,0.9925741323858875,10.999999999999943,12.000000000000455
2023-10-02,1.039895470383302,1.0078196075033647,13.500000000000512,14.499999999999602
2023-10-03,1.039279352274985,1.0105704028719678,14.500000000001023,16.500000000000668
2023-10-04,1.0314719837634945,1.0034624623089894,14.499999999999602,16.500000000000625
2023-10-05,1.0314085056574436,1.0050236604078548,14.500000000001023,16.499999999999204
2023-10-06,1.0366571225931982,1.0088008800880215,14.999999999999147,17.499999999999716
2023-10-09,1.0475483979037532,1.0148445070919059,13.500000000000512,16.99999999999875
2023-10-10,1.0511604691789413,1.0178611297164728,14.000000000000057,16.500000000000625
2023-10-11,1.063865822676849,1.037408820183381,10.999999999999943,12.5
2023-10-12,1.0629937991384386,1.0482888898129592,9.999999999999387,12.5
2023-10-13,1.0541815526123404,1.05216671096306,10.000000000000853,11.499999999999533
2023-10-16,1.0625067341881065,1.0551828486754713,10.999999999999943,12.5
2023-10-17,1.0582876783129846,1.0533430697461297,10.999999999999943,12.5
2023-10-18,1.063134917840731,1.0547223348196442,11.499999999999444,13.000000000000966
2023-10-19,1.0626432144585896,1.0560578661844764,10.500000000000398,12.5
2023-10-20,1.051773911722236,1.046957577488961,12.999999999999545,14.999999999999147
2023-10-23,1.0516084769019516,1.0480088006170305,12.999999999999545,14.999999999999147
2023-10-24,1.050845590934663,1.0563316337221718,12.999999999999545,13.000000000000966
2023-10-25,1.0542408707694393,1.058947879123945,14.000000000000057,14.499999999999602
2023-10-26,1.0583195651015125,1.0701037923148606,14.999999999999147,16.00000000000108
2023-10-27,1.0485603197476665,1.065181267417145,15.50000000000007,15.500000000000114
2023-10-30,1.0497384538186878,1.0638314561939244,16.00000000000108,15.500000000000114
2023-10-31,1.048610163943348,1.0652392799839123,17.00000000000017,15.999999999999659
2023-11-01,1.0462927584611756,1.0689933349980048,17.499999999999716,16.00000000000108
2023-11-02,1.0566065543020686,1.0765112393681984,16.00000000000108,14.999999999999147
2023-11-03,1.0588076090318352,1.0747854914196884,15.500000000000114,14.999999999999147
2023-11-06,1.0434408574329848,1.0571513784554982,15.000000000000568,15.000000000000524
2023-11-07,1.0470118287827057,1.0625680087051494,13.500000000000512,13.500000000000512
2023-11-08,1.0502662768234525,1.0650518772859998,11.499999999999444,11.999999999999034
2023-11-09,1.0628426049780788,1.0832050588676185,12.999999999999545,13.500000000000512
2023-11-10,1.0799656061908633,1.1141560361723788,12.5,12.00000000000041
2023-11-13,1.0489852852688257,1.0923630655986787,12.000000000000455,12.5
2023-11-14,1.0414005314932935,1.0702625975869817,11.499999999999488,12.000000000000455
2023-11-15,1.0454244609328647,1.074226899717224,12.5,12.999999999999545
2023-11-16,1.0435864618885162,1.0764949336378173,12.999999999999545,12.999999999999545
2023-11-17,1.0380201852620075,1.065690899001141,12.5,12.000000000000455
2023-11-20,1.0186820652174262,1.0708113689473562,10.999999999999943,10.499999999998977
2023-11-21,1.0181112548512627,1.0702079638884345,10.500000000000398,10.500000000000398
2023-11-22,1.0023615539024997,1.0441450834064891,10.999999999999943,10.500000000000398
2023-11-23,1.0104160098864186,1.0234792299119733,10.999999999999943,8.99999999999892
2023-11-24,1.0101533124865927,1.0221567622950565,10.999999999999943,9.499999999999886
2023-11-27,0.9974146325085074,1.0052859530061542,11.50000000000091,9.999999999999432
2023-11-28,0.9974504073130186,1.0016450490350972,11.499999999999488,10.499999999998977
2023-11-29,0.9811886480074503,0.9888247871867974,12.999999999999545,11.499999999999488
2023-11-30,0.982083452735494,0.9821109123434514,12.5,10.500000000000398
2023-12-01,0.9810552836862628,0.9813425419854763,14.000000000000057,11.499999999999488
2023-12-04,0.9840046531918369,0.9806126979428593,12.999999999999545,11.499999999999488
2023-12-05,0.9955956686939045,0.9882899948338008,12.000000000000455,10.000000000000853
2023-12-06,0.9846294250444538,0.9729107326828552,11.499999999999488,9.999999999999432
2023-12-07,0.9839039743421145,0.971785697016577,12.5,11.499999999999488
2023-12-08,0.9918215126930243,0.9814244888986611,12.99999999999959,12.000000000000455
2023-12-11,0.9882587790847533,0.9821149505122437,11.999999999999034,12.000000000000455
2023-12-12,0.9948745531053286,0.9880231904948692,10.999999999999943,10.999999999999899
2023-12-13,0.998200918816463,0.9890328476963712,10.500000000000398,10.000000000000853
2023-12-14,0.9782771847898662,0.975487679671461,12.5,11.50000000000091
2023-12-15,0.9837009117302529,0.9805302402651319,11.499999999999533,10.999999999999943
2023-12-18,1.0035178520884762,0.9951876804619865,13.500000000000512,12.5
2023-12-19,0.9968623845877226,0.9917660193787656,14.499999999999558,12.5
2023-12-20,0.9980721014094729,0.9908887914191199,15.000000000000568,12.999999999999545
2023-12-21,0.9915167277936467,0.9826274681520518,15.500000000000114,14.500000000001023
2023-12-22,1.0007707459107704,1.0027259607675376,17.00000000000017,16.499999999999204
2023-12-27,1.0111112327447485,1.0106531101253045,14.499999999999602,14.000000000000057
2023-12-28,1.011577964519124,1.0088225643767714,16.499999999999204,15.000000000000568
2023-12-29,0.9903151372022183,1.0089308771627785,15.500000000000114,15.500000000000114
2024-01-02,0.9903355235106869,1.0096316543017034,14.999999999999147,15.999999999999659
2024-01-03,0.9926520156397275,1.0145936612265254,15.500000000000114,17.00000000000017
2024-01-04,0.9824172781392737,0.9917578092442123,14.500000000001023,15.500000000000114
2024-01-05,0.9708727341696579,0.9847992308044475,12.999999999999545,14.499999999999602
2024-01-08,0.9691903576216818,0.9849134743381132,12.999999999999545,14.999999999999147
2024-01-09,0.9648034997649888,1.0037226747278178,12.5,15.500000000000114
2024-01-10,0.9660248944533371,1.000131105783652,13.000000000000966,14.999999999999147
2024-01-11,0.967772262714698,1.0043110197179679,13.500000000000512,15.500000000000114
2024-01-12,0.9585932208530058,1.0020063357972635,15.500000000000114,17.00000000000017
2024-01-15,0.9647134391446726,1.0044036776078504,15.000000000000524,16.500000000000625
2024-01-16,0.9651583376393259,1.0093973241146963,14.499999999999602,15.999999999999659
2024-01-17,0.9516868307326626,0.9848536059825014,12.000000000000455,12.999999999999545
2024-01-18,0.9524340318592706,0.9889829155356803,13.49999999999909,14.000000000000057
2024-01-19,0.9290967290416711,0.9631225354169838,11.999999999999034,12.5
2024-01-22,0.9360543920248434,0.9746915351506598,11.499999999999488,11.499999999999488
2024-01-23,0.9480734248387784,0.987574468085127,12.5,12.000000000000455
2024-01-24,0.9415595662867823,0.9832492623965127,11.499999999999533,11.499999999999488
2024-01-25,0.933473876380093,0.9720141631485789,12.999999999999545,13.000000000000966
2024-01-26,0.9220360897821485,0.9606007130766695,12.999999999999545,12.999999999999545
2024-01-29,0.9202951071494417,0.950801894869008,13.500000000000512,14.000000000000057
2024-01-30,0.9354491785273122,0.9612936930091123,13.500000000000512,14.000000000000057
2024-01-31,0.9342909138177603,0.956500494312546,13.000000000000966,14.000000000000057
2024-02-01,0.924489528223521,0.9480699805609384,12.5,13.49999999999909
2024-02-02,0.9212368728121344,0.9336717914987916,10.999999999999943,11.999999999999034
2024-02-05,0.933201868762726,0.9450879491912815,11.499999999999488,12.5
2024-02-06,0.9354767974124898,0.9535847374858935,11.499999999999488,12.0000000000005
2024-02-07,0.9373406792204548,0.953428936532724,10.999999999999943,12.5
2024-02-08,0.9206905155763373,0.9344396400607683,10.500000000000398,12.5
2024-02-09,0.9186995585372311,0.9283061100444719,9.000000000000341,10.499999999998977
2024-02-12,0.9167883492161036,0.9170994968349246,9.999999999999432,10.999999999999943
2024-02-13,0.9158501440922142,0.9178993106668917,8.499999999999375,10.500000000000398
2024-02-14,0.912391930835733,0.9213689892051047,9.499999999999886,10.999999999999943
2024-02-15,0.9144385026737835,0.9343922651933715,7.9999999999998295,9.000000000000341
2024-02-16,0.9165305438063109,0.9341461458249783,6.999999999999318,7.9999999999998295
2024-02-19,0.9165514914733989,0.9359650339947251,7.000000000000739,9.000000000000341
2024-02-20,0.9127161088639617,0.923938155322545,7.499999999998863,9.499999999999886
2024-02-21,0.916262346213834,0.9319696779135745,7.500000000000329,9.999999999999432
2024-02-22,0.9181996552808209,0.9362984611169362,5.500000000000682,8.00000000000125
2024-02-23,0.9288973056727373,0.9482459187217753,5.999999999998806,7.500000000000284
2024-02-26,0.9295524471088452,0.9532221781130032,5.499999999999261,7.9999999999998295
2024-02-27,0.9326608938370504,0.9566626968373663,6.000000000000227,8.499999999999375
2024-02-28,0.9495788754837405,0.9788607994759068,5.000000000001137,7.499999999998863
2024-02-29,0.9506548046637784,0.9796662299937265,4.000000000000625,6.499999999999773
2024-03-01,0.9514412931310928,0.9785151587490949,4.5000000000001705,7.500000000000284
2024-03-04,0.9441148281685292,0.966998191681723,4.999999999999716,7.9999999999998295
2024-03-05,0.9367765887748661,0.9616417426732388,4.999999999999716,8.00000000000125
2024-03-06,0.9367340503039592,0.9609902475618557,4.5000000000001705,7.500000000000284
2024-03-07,0.9449545512148773,0.9707825080757669,6.000000000000227,8.500000000000796
2024-03-08,0.933023123100081,0.9639458014909127,7.500000000000284,9.499999999999842
2024-03-11,0.9349979955329405,0.9713720527343891,7.000000000000739,9.000000000000341
2024-03-12,0.9299619029920462,0.9669359383806001,6.000000000000227,7.9999999999998295
2024-03-13,0.9120006685609751,0.964678571970429,6.000000000000227,7.9999999999998295
2024-03-14,0.9015163236887317,0.9546941352002487,4.5000000000001705,6.999999999999318
2024-03-15,0.9050412175016377,0.973307708733685,4.000000000000581,6.999999999999318
2024-03-18,0.8784608676695663,0.9552057336660275,3.999999999999204,7.499999999998863
2024-03-19,0.8745764594790383,0.9483026549059291,4.5000000000001705,7.9999999999998295
2024-03-20,0.8741703488695194,0.9487752019438492,4.000000000000625,7.500000000000284
2024-03-21,0.8666899116690565,0.9350014907914345,4.5000000000001705,8.499999999999375
2024-03-22,0.8764107930339287,0.9578092766353233,4.999999999999716,8.500000000000796
2024-03-25,0.8875502008032765,0.9505732005261504,4.999999999999716,7.500000000000284
2024-03-26,0.8922038016293342,0.9492765674371539,4.999999999999716,7.9999999999998295
2024-03-27,0.8986270615664316,0.9555680427059875,5.499999999999261,7.9999999999998295
2024-03-28,0.8971381169639892,0.9531196692688342,4.000000000000625,6.9999999999992735
2024-04-02,0.960576589093499,1.0271948342232358,6.000000000000227,9.499999999999886
2024-04-03,0.9599687391455998,1.024462933068384,5.500000000000682,8.499999999999375
2024-04-04,0.9728525980912508,1.0371536523928975,4.5000000000001705,7.500000000000284
2024-04-05,0.9777306468717335,1.0423713566030541,5.000000000001137,8.500000000000796
2024-04-08,0.976145723920646,1.029170144532743,4.4999999999987494,6.999999999999318
2024-04-09,0.9865323478517428,1.0235804460263045,4.000000000000625,6.999999999999318
2024-04-10,0.9651052924502517,1.0112516425755138,1.5000000000000568,6.000000000000183
2024-04-11,0.9693602651801804,1.0230092665305084,1.999999999999602,7.500000000000284
2024-04-12,0.9608117564730312,1.0226176115801837,3.0000000000001137,7.500000000000284
2024-04-15,0.9531741550374724,1.0089072916780712,2.4999999999991473,6.999999999999318
2024-04-16,0.9609016652462151,1.0148085684021806,3.0000000000001137,7.499999999998863
2024-04-17,0.9661870711866061,1.0229121461111645,1.999999999999602,6.000000000000227
2024-04-18,0.9630977130976817,1.024993042026129,1.0000000000005116,5.499999999999261
2024-04-19,0.9627626507521729,1.022806862006266,0.49999999999954525,4.5000000000001705
2024-04-22,0.9644411289319529,1.0228068620062662,1.5000000000000568,5.500000000000682
2024-04-23,0.9774352719409685,1.0320227841066587,2.000000000001023,6.000000000000227
2024-04-24,0.9808945126534295,1.0360858257476968,2.000000000001023,6.500000000001194
2024-04-25,0.9828962134751642,1.037233183711663,1.9999999999996465,6.499999999999773
2024-04-26,0.9826736283288696,1.0386938315348493,1.999999999999602,5.999999999998806
2024-04-29,0.99454350677302,1.0469675311414892,1.999999999999602,6.000000000000227
2024-04-30,0.9747880243115187,1.0261779088721408,-0.49999999999954525,3.50000000000108
2024-05-01,0.9745225918453246,1.0254201905057665,-0.49999999999954525,3.50000000000108
2024-05-02,0.9759771031764396,1.026438117373611,-0.49999999999954525,3.499999999999659
2024-05-03,0.9624828550681539,1.0187694930176243,1.5000000000001013,4.5000000000001705
2024-05-06,0.9664225754598832,1.0223329228702414,0.9999999999990905,4.5000000000001705
2024-05-07,0.976189613963902,1.025865661551572,0.0,3.999999999999204
2024-05-08,0.976189613963902,1.0328946759152169,0.0,4.5000000000001705
2024-05-09,0.9791199920180375,1.0347173568346992,0.9999999999990905,4.5000000000001705
2024-05-10,0.9822872325228916,1.0374576532183637,0.49999999999950084,4.5000000000001705
2024-05-13,0.9799160331328377,1.0346912336260319,0.49999999999954525,4.5000000000001705
2024-05-14,0.9523033969287718,1.0036844026952558,1.0000000000005116,4.999999999999671
2024-05-15,0.9512733934408341,0.9951188038264149,1.5000000000000568,5.499999999999261
2024-05-16,0.9420362343002961,0.9860167022723014,0.49999999999954525,4.5000000000001705
2024-05-17,0.9335113099317932,0.9655188818374748,-0.49999999999954525,2.4999999999991473
2024-05-20,0.9348657964013204,0.9708566045994013,-0.49999999999954525,2.5000000000005684
2024-05-21,0.9236358132142622,0.9650564951856048,0.49999999999954525,3.499999999999659
2024-05-22,0.9373551257138985,0.9693112305423062,0.0,3.50000000000108
2024-05-23,0.9182109346382653,0.9423981778403873,-1.999999999999602,1.5000000000000568
2024-05-24,0.9289443524767848,0.9383014917560911,-3.0000000000001137,1.5000000000000568
2024-05-27,0.9223312043795948,0.9351707482913596,-1.9999999999995577,2.000000000001023
2024-05-28,0.915174668566874,0.924578394346198,-1.4999999999986358,1.999999999999602
2024-05-29,0.9261692065160503,0.9338387474129527,-0.9999999999990905,2.4999999999991473
2024-05-30,0.9277741300065895,0.9342532194141737,-1.0000000000004672,2.500000000000524
2024-05-31,0.927399010582207,0.9366875840430426,-0.49999999999954525,2.4999999999991473
2024-06-03,0.9359071662539176,0.9437369903269238,-0.49999999999954525,2.5000000000005684
2024-06-04,0.9371035477301963,0.9418878967957723,-0.49999999999954525,3.0000000000001137
2024-06-05,0.9311040161317667,0.9304246805214826,-0.49999999999954525,3.0000000000001137
2024-06-06,0.9334934511149172,0.9290630955232166,-0.49999999999954525,2.4999999999991473
2024-06-07,0.9227408644324757,0.9199191102123266,-1.999999999999602,1.5000000000000568
2024-06-10,0.9294041450777427,0.9259900890375052,-1.0000000000005116,1.999999999999602
2024-06-11,0.9486309817464395,0.9404583956153292,-1.000000000000556,2.5000000000005684
2024-06-12,0.9527265871706786,0.9456312874420681,-1.0000000000005116,2.4999999999991473
2024-06-13,0.9520526569637255,0.9454765598395647,-0.49999999999954525,2.4999999999991473
2024-06-14,0.9462957141360292,0.9340175953079037,1.5000000000000568,4.5000000000001705
2024-06-17,0.9477467395515144,0.9352983465132866,2.000000000001023,4.5000000000001705
2024-06-18,0.941663942609285,0.92935655290494,1.5000000000000568,4.5000000000001705
2024-06-19,0.9407424071991211,0.9257325105483093,1.5000000000000568,4.5000000000001705
2024-06-20,0.94286274230333,0.9286885466225586,2.5000000000005684,4.999999999999716
2024-06-21,0.9433894821500615,0.9286253098171375,3.0000000000001137,4.999999999999716
2024-06-24,0.9421927029252993,0.9288365890578562,2.5000000000005684,5.499999999999261
2024-06-25,0.9408114816014037,0.9274197190731845,2.500000000000613,5.500000000000682
2024-06-26,0.9411268069684285,0.9247304119857401,3.0000000000001137,5.499999999999261
2024-06-27,0.942880178615748,0.9269221270990617,2.5000000000005684,5.499999999999261
2024-06-28,0.9508581712830982,0.9422442422734096,3.0000000000001137,6.000000000000272
2024-07-01,0.952923979639451,0.9357852316208911,3.0000000000001137,4.999999999999716
2024-07-02,0.9570937014812708,0.9367205923240349,3.0000000000001137,6.000000000000183
2024-07-03,0.9640201487167221,0.9487653840161522,2.5000000000005684,4.999999999999716
2024-07-04,0.9822936057837915,0.960763717251568,1.999999999999602,4.000000000000625
2024-07-05,0.9699825624844298,0.949859376417539,2.9999999999986926,5.500000000000682
2024-07-08,0.9730238393977428,0.9519405516739691,2.000000000001023,4.4999999999987494
2024-07-09,0.9708915692743092,0.952103332160605,1.999999999999602,4.5000000000001705
2024-07-10,0.9612137442694277,0.9423941003079938,2.5000000000005684,4.5000000000001705
2024-07-11,0.9514423537679986,0.9379794318468991,4.000000000000625,5.500000000000682
2024-07-12,0.952473527465246,0.9388740276111983,4.000000000000625,5.499999999999217
2024-07-15,0.9402748414376236,0.9264454102462527,5.500000000000682,7.000000000000739
2024-07-16,0.939827985078755,0.9288086594798344,5.499999999999261,6.999999999999318
2024-07-17,0.9386199518587834,0.9277711084433546,4.999999999999716,6.499999999999773
2024-07-18,0.9353007412967955,0.9280777462021377,6.000000000000227,7.500000000000284
2024-07-19,0.9560654200739547,0.9397219876746795,6.499999999999773,8.00000000000125
2024-07-22,0.9414270793249393,0.9284356328082349,5.499999999999261,7.000000000000739
2024-07-23,0.9386441806279755,0.9283366116009257,6.000000000000227,7.500000000000284
2024-07-24,0.9279744954809918,0.9171974522292627,7.499999999998863,8.499999999999375
2024-07-25,0.9284697288597215,0.9176287051481674,7.500000000000284,8.500000000000796
2024-07-26,0.9522496121358249,0.9399042116466277,7.9999999999998295,8.99999999999892
2024-07-29,0.9518009743630392,0.9438673591689634,7.500000000000284,8.500000000000796
2024-07-30,0.9386364970932741,0.9331666964232349,9.000000000000341,9.999999999999432
2024-07-31,0.9420580599480397,0.93741210956839,8.500000000000796,9.500000000001307
2024-08-01,0.9312273015506681,0.9294164037854862,9.000000000000341,9.999999999999432
2024-08-02,0.9382514387737301,0.9348015742230619,8.500000000000796,9.499999999999886
2024-08-05,0.9382514387737299,0.9348015742230618,8.00000000000125,9.999999999999432
2024-08-06,0.9381769705048705,0.9273196267354588,7.9999999999998295,9.000000000000341
2024-08-07,0.9500638782424756,0.9529852898760135,9.499999999999886,11.000000000001364
2024-08-08,0.9524371732163507,0.9532884034395002,10.500000000000353,10.999999999999943
2024-08-09,0.9565713633509845,0.955223880597053,9.499999999999886,10.499999999998977
2024-08-12,0.9493607191051904,0.9730126984892575,9.000000000000341,9.999999999999432
2024-08-13,0.9488819915119672,0.9784420939405224,9.499999999999886,10.000000000000853
2024-08-14,0.9368388301182002,0.9598262757872255,9.499999999999886,10.500000000000398
2024-08-15,0.9171261361283962,0.9424918805982675,7.9999999999998295,9.000000000000341
2024-08-16,0.9204406364748801,0.9579831932773323,7.000000000000739,7.9999999999998295
2024-08-19,0.9228043739436417,0.9575598586069911,7.500000000000284,7.9999999999998295
2024-08-20,0.9257093081134695,0.9541023558082803,7.500000000000284,8.500000000000796
2024-08-21,0.9267716032290223,0.9520044647009515,8.500000000000796,9.000000000000341
2024-08-22,0.9377330673835684,0.9633220910623751,8.00000000000125,8.99999999999892
2024-08-23,0.9307373346614454,0.9629704368883013,9.000000000000341,9.000000000000341
2024-08-26,0.9427687728192368,0.9758064516129149,9.000000000000341,9.000000000000297
2024-08-27,0.9507174048658552,0.9848199226113586,9.999999999999432,9.999999999999432
2024-08-28,0.954531864492512,0.9884604004339528,9.499999999999886,9.499999999999886
2024-08-29,0.96161179903051,0.9964795619010182,10.500000000000398,10.499999999998977
2024-08-30,0.9523496309288716,0.9903808657220546,9.499999999999886,10.000000000000853
2024-09-02,0.9723667100129976,1.0018439440993478,10.500000000000398,10.500000000000398
2024-09-03,0.9843532453755839,1.0054121095951882,10.000000000000853,10.500000000000398
2024-09-04,0.9732289950576701,0.9978459417542418,10.999999999999943,10.999999999999943
2024-09-05,0.9739698988403741,0.9985801566130047,11.499999999999488,11.499999999999488
2024-09-06,0.9717272274763692,0.9955993294216058,11.999999999999034,11.999999999999034
2024-09-09,0.9674148434495907,0.9915037144564843,12.5,12.5
2024-09-10,0.9760530871321627,1.0018434578932318,12.999999999999545,12.5
2024-09-11,0.9596229927856854,0.9768886320958846,14.499999999999602,14.500000000001023
2024-09-12,0.9407364787111988,0.9608348578080281,13.000000000000966,13.000000000000966
2024-09-13,0.931746656176275,0.9519732899579945,12.5,12.5
2024-09-16,0.9285754807965322,0.9433496015320347,13.500000000000512,13.500000000000512
2024-09-17,0.9139192468390409,0.9368229219397954,11.999999999999034,12.0000000000005
2024-09-18,0.897553321534801,0.9094003773274605,11.999999999999034,12.000000000000455
2024-09-19,0.8951965065502286,0.907481404069517,13.500000000000512,13.49999999999909
2024-09-20,0.8746114721672856,0.8871258272783705,12.000000000000455,12.000000000000455
2024-09-23,0.868066016111079,0.8775529341159585,13.500000000000512,13.500000000000512
2024-09-24,0.849291144442166,0.8568883729308431,15.500000000000114,15.000000000000568
2024-09-25,0.850326152053228,0.8575508339044489,15.000000000000568,14.499999999999602
2024-09-26,0.8584848021994906,0.8696650459210633,15.000000000000568,14.000000000000057
2024-09-27,0.8617577197149736,0.8702478786663351,14.499999999999602,14.000000000000057
2024-09-30,0.8619988213151929,0.8714859437750367,13.999999999998636,13.500000000000512
2024-10-01,0.8799061433446981,0.8908296943231206,13.500000000000512,13.49999999999909
2024-10-02,0.900166753692996,0.9106425702811072,15.000000000000568,14.499999999999602
2024-10-03,0.8998229365295324,0.8997099509147769,14.499999999999602,13.500000000000467
2024-10-04,0.873965361341024,0.86884365772395,12.000000000000455,10.999999999999943
2024-10-07,0.8652733498642033,0.8686384064132194,10.500000000000398,10.500000000000442
2024-10-08,0.8565909421680051,0.8590975478514947,11.499999999999488,11.50000000000091
2024-10-09,0.8525555009366454,0.8551532033426247,10.500000000000398,10.499999999998977
2024-10-10,0.8508004950692755,0.8539142843847533,12.000000000000455,11.50000000000091
2024-10-11,0.8512193501229389,0.8537084082037426,11.999999999999034,11.499999999999533
2024-10-14,0.8411755084237518,0.8441900842389716,11.999999999999034,11.499999999999488
2024-10-15,0.8469983710550921,0.8432159402550339,11.50000000000091,12.000000000000455
2024-10-16,0.8515257014130514,0.8486422668240828,11.499999999999488,11.50000000000091
2024-10-17,0.8538415366146314,0.8538738710633427,13.500000000000512,12.5
2024-10-18,0.8532291509317294,0.8538738710633444,13.999999999998636,12.999999999999545
2024-10-21,0.8572673152316185,0.8644621743727825,13.000000000000966,12.5
2024-10-22,0.8604047364845396,0.8645793315405361,13.500000000000512,12.5
2024-10-23,0.8665488916685145,0.8793554006968834,15.000000000000568,13.500000000000512
2024-10-24,0.8976881147797849,0.9141033874913221,13.500000000000512,11.999999999999034
2024-10-25,0.897545056374148,0.9163308076737408,12.999999999999545,11.999999999999034
2024-10-28,0.9017257177764296,0.9231857523302651,12.99999999999959,11.499999999999488
2024-10-29,0.9078564500485181,0.9308205907361592,12.5,11.499999999999488
2024-10-30,0.8799747315224447,0.9033666087378608,9.499999999999886,8.499999999999375
2024-10-31,0.8798534798535056,0.9065185665640019,6.9999999999992735,7.000000000000739
2024-11-01,0.8809203645600139,0.9109915131443028,8.499999999999375,7.9999999999998295
2024-11-04,0.890790655282903,0.9248124741598553,7.500000000000284,6.999999999999318
2024-11-05,0.9040414422563217,0.9288123557607375,6.499999999999773,5.5000000000007265
2024-11-06,0.8771541443964802,0.8921435395110814,9.000000000000341,8.500000000000796
2024-11-07,0.876433401940614,0.8913785428105483,9.499999999999886,7.9999999999998295
2024-11-08,0.8779338160260494,0.8970682989691107,9.000000000000385,7.000000000000739
2024-11-11,0.8695455573140561,0.8811229161701831,10.499999999998977,9.000000000000341
2024-11-12,0.8542132736763971,0.8727344421129951,11.499999999999488,9.999999999999432
2024-11-13,0.8469422190003967,0.8584116359892132,11.999999999999034,9.499999999999886
2024-11-14,0.8564579292171802,0.872889771598823,11.499999999999488,9.000000000000341
2024-11-15,0.8730560894635965,0.8948963800833055,9.999999999999432,7.9999999999998295
2024-11-18,0.8864570568800884,0.8962765517127427,10.500000000000353,7.9999999999998295
2024-11-19,0.8895265423242806,0.8986937302362782,9.499999999999886,7.999999999999874
2024-11-20,0.8996870973679619,0.9068844845103463,10.499999999998977,8.500000000000796
2024-11-21,0.8979317918370052,0.9029407971108278,10.999999999999943,9.000000000000341
2024-11-22,0.8893781927074348,0.8980124536134704,12.5,9.999999999999476
2024-11-25,0.9037966306521673,0.9111812443643211,10.499999999998977,9.000000000000341
2024-11-26,0.8862158647594783,0.9087416104616117,9.000000000000341,7.9999999999998295
2024-11-27,0.8851223806729387,0.9033041542276379,8.49999999999942,8.00000000000125
2024-11-28,0.877399026067066,0.8912827365916941,9.499999999999886,9.000000000000385
2024-11-29,0.8791732909380112,0.8874781705763348,10.000000000000874,10.000000000000853
2024-12-02,0.869384537047669,0.870075589150779,10.999999999999922,10.999999999999922
2024-12-03,0.8601999296729641,0.8633879781421213,9.999999999999476,9.499999999999865
2024-12-04,0.8553153510511593,0.8551912568306451,9.49999999999993,9.000000000000341
2024-12-05,0.826473014281314,0.825352112676074,7.999999999999807,7.9999999999998295
2024-12-06,0.820912012856562,0.816038708951466,8.500000000000817,8.499999999999375
2024-12-09,0.8201084773001143,0.8148843496545715,9.00000000000043,9.000000000000341
2024-12-10,0.8185153921686761,0.8103341344290443,9.999999999999432,9.999999999999432
2024-12-11,0.848432883618097,0.8420630678781663,10.50000000000042,9.99999999999941
2024-12-12,0.8695652173912841,0.8599865253874128,9.99999999999941,9.999999999999387
2024-12-13,0.8862728048025973,0.8679948860004715,10.000000000000853,9.500000000001307
2024-12-16,0.8887030967828262,0.8704539421290638,9.499999999999886,9.000000000000341
2024-12-17,0.8848193540377185,0.8734210329621329,7.500000000000284,6.999999999999318
2024-12-18,0.9277388801567894,0.9217653996565685,8.99999999999892,8.00000000000125
2024-12-19,0.9365187959095871,0.9396330241796044,9.000000000000341,8.499999999999375
2024-12-20,0.9305379152430624,0.9272213773626063,9.499999999999886,9.499999999999886
2024-12-23,0.9451944199320595,0.9411764705882425,9.000000000000297,8.499999999999375
2024-12-24,0.9424657534246831,0.9367181751287846,9.999999999999432,9.000000000000341
2024-12-27,0.937428549653256,0.9411764705882436,9.999999999999432,9.000000000000341
2024-12-30,0.9295411985019062,0.9325697756234984,9.999999999999387,9.000000000000341
2024-12-31,0.9291900749064005,0.9311491442542923,9.999999999999387,9.000000000000341
2025-01-02,0.9235805687675654,0.9294629197197987,10.499999999998977,9.499999999999886
2025-01-03,0.9079493417287239,0.9207819122122499,9.000000000000341,8.499999999999375
2025-01-06,0.8958262639973269,0.9145159259725599,7.999999999999785,7.9999999999998295
2025-01-07,0.893428610503327,0.9142686610356499,9.499999999999886,9.000000000000385
2025-01-08,0.9073238206174065,0.9278484102987785,11.499999999999444,11.000000000001364
2025-01-09,0.880410447761244,0.9033999999999931,10.999999999999943,10.500000000000398
2025-01-10,0.8777462104502087,0.8920976984141871,10.000000000000853,8.99999999999892
2025-01-13,0.8738994603806228,0.8902968234681392,10.000000000000853,9.000000000000341
2025-01-14,0.8769356470314134,0.8961915946648487,9.999999999999432,8.99999999999892
2025-01-15,0.9134033372115821,0.936367460774982,9.999999999999432,8.99999999999892
2025-01-16,0.9172515876426874,0.9426572018325204,10.500000000000442,9.499999999999886
2025-01-17,0.9203921078921529,0.943819121785189,9.999999999999387,9.000000000000341
2025-01-20,0.9230757276725773,0.9445785865918785,9.499999999999886,8.99999999999892
2025-01-21,0.9342902141616646,0.9526209677419083,9.499999999999886,8.49999999999942
2025-01-22,0.9358746110714165,0.9550124103695224,9.499999999999886,8.500000000000796
2025-01-23,0.9314077613137626,0.9536178749307961,7.999999999999874,7.500000000000284
2025-01-24,0.935367322360546,0.9551728897784235,7.9999999999998295,7.000000000000739
2025-01-27,0.9383226403863129,0.9521982033995906,8.00000000000125,7.500000000000284
2025-01-28,0.9395175107943791,0.9499029872921845,7.500000000000284,7.9999999999998295
2025-01-29,0.9344280422403244,0.9509495755613183,8.00000000000125,7.50000000000024
2025-01-30,0.9235376515481534,0.9448775335713265,8.99999999999892,8.00000000000125
2025-01-31,0.9148239148239486,0.9308071768454725,10.500000000000398,9.499999999999886
2025-02-03,0.9078271381082167,0.9277450781408098,11.50000000000091,10.000000000000853
2025-02-04,0.9011518267782901,0.9164236838634708,10.999999999999943,10.500000000000398
2025-02-05,0.9070955897464145,0.9301756661164559,9.999999999999432,9.000000000000341
2025-02-06,0.9057963774425241,0.9356888388519369,8.99999999999892,8.499999999999375
2025-02-07,0.9038837584390874,0.9340095243985158,9.000000000000341,8.500000000000796
2025-02-10,0.8941435013414151,0.9299861233757823,10.500000000000398,9.000000000000341
2025-02-11,0.9006090068913896,0.9409677562424896,10.499999999998977,9.499999999999886
2025-02-12,0.9030009466320945,0.9397878237598819,10.000000000000853,8.99999999999892
2025-02-13,0.9093427202954721,0.9439326071464474,10.000000000000853,9.000000000000341
2025-02-14,0.9172133250265657,0.9486437709007506,9.499999999999886,8.500000000000796
2025-02-17,0.9250733817395362,0.9564114295220577,10.500000000000398,9.999999999999432
2025-02-18,0.9268041237113445,0.9569582339563565,10.500000000000398,9.999999999999432
2025-02-19,0.9251673292738108,0.9476658877234495,10.499999999998977,9.499999999999886
2025-02-20,0.9254106280193126,0.9473134016307359,10.999999999999943,10.500000000000442
2025-02-21,0.9388043862751788,0.9669456301954339,10.500000000000398,10.000000000000853
2025-02-24,0.9370584457289411,0.9658390890423384,10.999999999999988,10.500000000000398
2025-02-25,0.9352714622934359,0.9650258298200562,11.50000000000091,10.999999999999943
2025-02-26,0.9153303399614953,0.9521615527889081,11.499999999999488,10.999999999999943
2025-02-27,0.9073480212865381,0.9444027047332494,12.999999999999545,12.5
2025-02-28,0.9082521252332361,0.9444027047332528,12.5,11.999999999999034
2025-03-03,0.9271188321260274,0.9681606876589488,13.500000000000512,13.49999999999909
2025-03-04,0.9132028421637731,0.9581685043346095,15.499999999998693,15.000000000000568
2025-03-05,0.9224752599723597,0.9142616899681852,12.999999999999545,11.499999999999488
2025-03-06,0.9383387033955513,0.9295387365092171,17.00000000000017,14.000000000000057
2025-03-07,0.9411344292119014,0.9333348187428695,16.99999999999875,14.000000000000057
2025-03-10,0.9406819122516765,0.934300602840474,17.500000000001137,14.000000000000057
2025-03-11,0.9476570096941174,0.9432371109682725,20.999999999999375,17.00000000000017
2025-03-12,0.9459626053010268,0.9433457763151272,19.50000000000074,15.500000000000114
2025-03-13,0.9471367946770174,0.9426164780205039,20.000000000000284,16.00000000000108
2025-03-14,0.9511216487324656,0.9452720686085677,20.499999999999872,15.500000000000114
2025-03-17,0.9593100766581716,0.9490584158002063,18.999999999999773,15.000000000000613
2025-03-18,0.9589842396351923,0.9490022995326399,19.499999999999318,15.500000000000158
2025-03-19,0.9577304503333007,0.9473205752779297,17.99999999999926,14.000000000000057
2025-03-20,0.957677347656994,0.9454399323573737,18.500000000000227,15.500000000000114
2025-03-21,0.9548604794994238,0.9441442184728026,19.999999999998863,16.499999999999204
2025-03-24,0.9577736890524625,0.944449574322669,20.999999999999375,17.00000000000017
2025-03-25,0.9574275490432118,0.9421167123805595,20.49999999999983,17.00000000000017
2025-03-26,0.9595963508880901,0.9437851946733395,21.000000000000796,17.00000000000017
2025-03-27,0.9513363838102432,0.9375852458043997,23.499999999999943,18.999999999999773
2025-03-28,0.9532124773212876,0.9376236318079655,23.99999999999949,20.000000000000284
2025-03-31,0.9523021512703507,0.9362055896520266,23.499999999999943,19.499999999999318
2025-04-01,0.9559973671984197,0.9413662505259919,21.999999999999886,18.000000000000682
2025-04-02,0.956701393467879,0.9429620348204798,22.999999999998977,18.999999999999773
2025-04-03,0.9531681678309429,0.9402035796311371,24.499999999999034,20.49999999999983
2025-04-04,0.9452856159669965,0.9335670110660194,26.999999999999602,22.500000000000853
2025-04-07,0.946846911886832,0.9356158434849875,28.50000000000108,23.99999999999949
2025-04-08,0.944618506782527,0.9327042519457129,28.000000000000114,23.00000000000044
2025-04-09,0.9344247942567276,0.9245271170399105,31.999999999999318,26.999999999999645
2025-04-10,0.9292641639188505,0.9255522558073085,27.50000000000057,22.49999999999943
2025-04-11,0.9280220654538098,0.9244897959183443,28.50000000000108,23.499999999999943
2025-04-14,0.9312045828250541,0.9263927968485945,27.499999999999147,22.500000000000853
2025-04-15,0.9348824641988994,0.9290851717728704,28.999999999999204,23.499999999999943
2025-04-16,0.9837944600042672,1.0148224332990319,28.50000000000108,24.00000000000091
2025-04-17,0.9193539526452266,0.9695126474296849,29.000000000000604,24.500000000000497
2025-04-22,0.9083223097717181,0.9620509160123399,29.999999999999716,25.0
2025-04-23,0.8669049910628864,0.9274781543941485,26.999999999999602,22.500000000000853
2025-04-24,0.8287446065338545,0.8739637733211696,27.50000000000059,22.999999999998977
2025-04-25,0.8229849402111851,0.8753987543673225,25.500000000000966,21.999999999999886
2025-04-28,0.8275480059084618,0.879227053140121,26.500000000000036,22.500000000000853
2025-04-29,0.8145746705194633,0.8769847699287439,26.500000000000078,21.999999999999844
2025-04-30,0.8030129944310066,0.8654233870968153,26.00000000000051,21.999999999999886
2025-05-02,0.8129925043244591,0.8676337262013151,25.499999999999503,21.50000000000034
2025-05-05,0.8150807899461717,0.8658204895739354,26.00000000000051,21.999999999999844
2025-05-06,0.815683259657922,0.8679255950698702,26.500000000000078,22.49999999999939
2025-05-07,0.8274715061390431,0.881268728444655,25.500000000000988,21.50000000000034
2025-05-08,0.8204515018175003,0.8741046475041386,25.00000000000002,20.999999999999375
2025-05-09,0.8267889736509669,0.8773092045026313,25.0,20.999999999999375
2025-05-12,0.8122102009273636,0.844906591469878,21.999999999999886,17.99999999999926
2025-05-13,0.8233202858476674,0.8560480265679026,23.499999999999986,19.50000000000074
2025-05-14,0.8267081883128744,0.8656350499704504,25.0,20.499999999999872
2025-05-15,0.8376396812673806,0.8782833888272414,24.500000000000455,20.000000000000284
2025-05-16,0.8362552594670372,0.8724462531343946,23.99999999999949,19.50000000000074
2025-05-19,0.8349153651921779,0.8677601019443629,23.99999999999949,20.49999999999983
2025-05-20,0.8276135163674746,0.8711888684264655,25.0,21.000000000000796
2025-05-21,0.8460196161020559,0.8849779365052451,25.500000000000966,21.000000000000796
2025-05-22,0.8275211637417279,0.8731143701166335,28.49999999999966,23.499999999999943
2025-05-23,0.8281137075403687,0.884401114206159,28.999999999999204,23.499999999999943
2025-05-26,0.8579091896034398,0.9128657487091408,27.000000000001023,21.999999999999886
2025-05-27,0.8795159395568231,0.9199907276974516,26.99999999999956,21.999999999999886
2025-05-28,0.8745572465995,0.9139209002867631,26.500000000000057,21.999999999999886
2025-05-29,0.853580956289754,0.8924466338259749,26.99999999999967,21.999999999999886
2025-05-30,0.8511255115961771,0.8894162874627662,26.000000000000554,22.500000000000853
2025-06-02,0.8376631254224464,0.890518064214824,28.000000000000135,22.49999999999939
2025-06-03,0.8393123410227256,0.8904831984302534,28.000000000000135,23.000000000000398
2025-06-04,0.8473370910814979,0.8959047483824071,28.000000000000135,22.999999999998977
2025-06-05,0.867205791999472,0.9196672743847023,26.500000000000057,22.49999999999943
2025-06-06,0.8608802365147722,0.9206691851052162,25.499999999999545,21.50000000000034
2025-06-09,0.8710087461344482,0.9251091703056514,26.00000000000051,21.50000000000034
2025-06-10,0.8828396000667947,0.9314827607862529,24.499999999999034,21.000000000000796
2025-06-11,0.879432624113488,0.9297438578149265,25.499999999999545,21.999999999999886
2025-06-12,0.8693595615286615,0.9324332957134474,25.999999999999112,21.49999999999892
2025-06-13,0.8767136606709224,0.9448472294147977,26.500000000000057,21.999999999999886
2025-06-16,0.8790953450546517,0.9441977627871013,26.500000000000057,22.500000000000853
2025-06-17,0.878861143885078,0.9432515337423067,26.00000000000051,21.99999999999993
2025-06-18,0.8685155743979784,0.9273808490320219,26.000000000000554,22.49999999999939
2025-06-19,0.8736396012813689,0.9312706505328078,26.500000000000057,22.49999999999943
2025-06-20,0.8703931203931801,0.929539295392951,26.500000000000057,22.49999999999943
2025-06-23,0.9502842342494978,1.0317100792751959,25.99999999999909,21.999999999999886
2025-06-24,0.947694170675207,1.020467836257307,26.00000000000051,22.999999999998977
2025-06-25,0.9602360776815335,1.0245633697581378,28.000000000000114,24.00000000000091
2025-06-26,0.9363742010460198,1.0109565950274424,29.000000000000625,24.500000000000455
2025-06-27,0.9056305911244535,0.9807612168357154,28.000000000000114,23.499999999999943
2025-06-30,0.9043173862311281,0.9881477300786955,28.000000000000114,23.500000000001364
2025-07-01,0.8980624020516614,0.9864438387606047,28.000000000000114,22.500000000000853
2025-07-02,0.9001442595264799,0.9996413713957963,28.49999999999966,23.499999999999943
2025-07-03,0.9319517258365893,1.003885330253082,27.499999999999147,23.000000000000398
2025-07-04,0.9319238735394556,1.0000000000000167,28.000000000000114,23.499999999999943
2025-07-07,0.953921269453787,1.006173769010701,28.999999999999204,23.99999999999949
2025-07-08,0.9532163742690115,0.9972572682391839,28.999999999999204,23.499999999999943
2025-07-09,0.9510671907718387,0.9865343727852897,29.49999999999875,24.499999999999034
2025-07-10,0.9414745376235301,0.9793127629733879,28.49999999999966,23.99999999999949
2025-07-11,0.9397628514127049,0.9746964943391493,28.000000000000114,23.499999999999943
2025-07-14,0.9347313606136267,0.9633463431189897,30.500000000000682,25.499999999999503
2025-07-15,0.9389410760034183,0.973785341751346,29.999999999999716,25.0
2025-07-16,0.9341474670737213,0.9624756501829086,30.500000000000682,25.99999999999909
2025-07-17,0.9860221316249088,0.9779383796120913,29.999999999999716,25.499999999999545
2025-07-18,0.9849922857543628,0.980435585086818,30.000000000001137,25.99999999999909
2025-07-21,1.0230735098358401,1.0030971738289225,29.000000000000625,25.499999999999545
2025-07-22,1.003762970846487,0.9968071736694195,29.000000000000604,25.0
2025-07-23,1.0076984947719323,1.000340773556013,29.999999999999716,26.00000000000047
2025-07-24,0.9539181862986755,0.9298739386485555,28.49999999999966,23.99999999999949
2025-07-25,0.9354361754558939,0.9110659013296236,27.500000000000526,22.999999999998977
2025-07-28,0.932209343168256,0.9178410372040227,28.000000000000114,23.000000000000398
2025-07-29,0.9333551279656355,0.918995525779441,28.000000000000156,23.000000000000355
2025-07-30,0.9292402512741601,0.9196738710921992,27.50000000000057,22.49999999999943
2025-07-31,0.9219109746738369,0.9197561215458301,25.499999999999503,20.999999999999375
2025-08-01,0.9135933034810192,0.9114821378602256,26.500000000000057,21.999999999999886
2025-08-04,0.9184549356223077,0.9141400220506687,25.500000000000966,21.50000000000034
2025-08-05,0.9184549356223163,0.9202509167223493,25.499999999999545,20.999999999999375
2025-08-06,0.9047986211901277,0.9061147966540969,26.00000000000051,21.999999999999886
2025-08-07,0.9093661132006235,0.9049529841184675,25.499999999999545,20.49999999999983
2025-08-08,0.9152371342078824,0.9215596219390711,25.0,21.000000000000796
2025-08-11,0.9142280524722587,0.9215800174266032,25.500000000000966,21.000000000000796
2025-08-12,0.9173337013524783,0.9254415596949515,26.999999999999602,22.500000000000853
2025-08-13,0.9343112244897936,0.9328167071648733,26.00000000000051,21.999999999999886
2025-08-14,0.933049609350182,0.9267560275045442,26.500000000000057,21.50000000000034
2025-08-15,0.9495681775200152,0.9509137271567928,28.000000000000114,23.499999999999943
2025-08-18,0.9449622913312459,0.9480973336784623,27.50000000000061,23.000000000000355
2025-08-19,0.9491279069767492,0.9557136350820654,26.500000000000057,22.49999999999943
2025-08-20,0.9521478605789543,0.9623567921439848,26.500000000000057,22.500000000000853
2025-08-21,0.9498425006057537,0.9549825442517837,25.499999999999545,21.49999999999892
2025-08-22,0.9527177368086298,0.958076002333497,25.499999999999545,21.50000000000034
2025-08-25,0.9763044149428832,0.9654775604141888,26.500000000000057,21.5000000000003
2025-08-26,0.9819985235381987,0.9636322903441856,25.500000000000966,21.50000000000034
2025-08-27,0.9793006285673036,0.9649949151634452,26.00000000000051,21.99999999999993
2025-08-28,0.9775922907449586,0.9631736101236318,25.500000000000966,21.50000000000034
2025-08-29,0.9765363940142359,0.9599250396424257,26.00000000000051,21.999999999999886
2025-09-01,0.9614016651846954,0.9507006447150973,26.500000000000057,22.500000000000853
2025-09-02,0.9623560673161989,0.952356858062228,26.500000000000057,23.000000000000398
2025-09-03,0.9744837408022675,0.9650164756022305,25.0,21.50000000000034
2025-09-04,1.016626671237552,1.019130722012655,24.500000000000455,21.50000000000034
2025-09-05,1.0370158639416691,1.0305958132044597,23.999999999999446,21.5000000000003
2025-09-08,1.049672489082941,1.0339974919882657,23.499999999999943,20.999999999999375
2025-09-09,1.0433820274457506,1.033679822275827,23.00000000000044,20.999999999999375
2025-09-10,1.0379859707525596,1.029947054930497,21.500000000000384,19.50000000000074
2025-09-11,1.027299382276736,1.0224287517795079,20.000000000000284,18.500000000000227
2025-09-12,1.0624135546334514,1.044066306343565,20.999999999999375,18.999999999999773
2025-09-15,1.0580778301886669,1.0443224317657196,19.999999999998863,18.000000000000682
2025-09-16,1.0585938655387384,1.039309302140515,20.000000000000284,18.999999999999773
2025-09-17,1.0580318850010106,1.0371608180154277,19.999999999998863,18.500000000000227
2025-09-18,1.0610551274451465,1.0484621075996132,21.50000000000034,20.000000000000284
2025-09-19,1.0773749368367493,1.0433917522962979,22.49999999999939,19.999999999998863
2025-09-22,1.0774533149517158,1.0429158999891455,22.49999999999943,19.999999999998863
2025-09-23,1.0714834742505468,1.0352564102563917,22.49999999999943,20.000000000000284
2025-09-24,1.0564205113555059,1.0277157738094833,23.499999999999943,20.999999999999332
2025-09-25,1.0628246351718966,1.0321994915869315,24.500000000000455,20.999999999999417
2025-09-26,1.0443037974683558,1.0075738289205252,23.99999999999949,20.000000000000284
2025-09-29,1.0544188071397418,1.0101851851851538,22.500000000000853,19.499999999999275
2025-09-30,1.0473723168023596,1.0061373225929753,22.500000000000853,18.99999999999973
2025-10-01,1.0491355777980038,0.996283248763742,22.49999999999943,20.000000000000284
2025-10-02,1.0816896491534558,1.0182973594828597,22.500000000000853,19.999999999998863
2025-10-03,1.0918660287081632,1.0206327372765138,22.500000000000853,19.999999999998863
2025-10-06,1.0656250000000331,1.0193100455630582,23.499999999999943,21.000000000000796
2025-10-07,1.0492766726944491,1.0214515214515512,23.499999999999943,20.999999999999375
2025-10-08,1.1083074534161965,1.053601771278515,22.49999999999943,20.49999999999983
2025-10-09,1.1318357456284356,1.0745309951060318,23.99999999999949,21.999999999999886
2025-10-10,1.157386618769677,1.1029548164833687,22.49999999999943,20.49999999999983
2025-10-13,1.132599694922659,1.0794592955244369,23.000000000000398,21.50000000000034
2025-10-14,1.1386564125763694,1.0730796586059608,22.49999999999939,21.50000000000034
2025-10-15,1.132113712731347,1.0596920480910963,21.50000000000034,21.000000000000796
2025-10-16,1.1317978246961002,1.0598370001266604,21.50000000000034,21.000000000000796
2025-10-17,1.1381246490735215,1.0698766881972661,21.999999999999886,21.000000000000796
2025-10-20,1.1340802757941095,1.0662381629948958,21.999999999999865,20.999999999999375
2025-10-21,1.1584320397879215,1.07224334600755,21.50000000000034,20.49999999999983
2025-10-22,1.180746822033831,1.0836501901140054,21.49999999999892,20.50000000000125
2025-10-23,1.2478222996514772,1.103644231270477,21.49999999999894,20.50000000000125
2025-10-24,1.2078922040423603,1.1014916347509536,21.999999999999886,20.999999999999375
2025-10-27,1.1964708138865812,1.094621916700261,20.49999999999983,19.499999999999318
2025-10-28,1.1964696853415242,1.1001217285452312,20.49999999999983,20.000000000000284
2025-10-29,1.1879194630872558,1.103351813234204,21.99999999999993,20.49999999999983
2025-10-30,1.1551724137931156,1.065238558909325,21.50000000000034,19.499999999999318
2025-10-31,1.1422718365893194,1.0614723374480557,21.49999999999892,19.999999999998863
2025-11-03,1.1321590722608945,1.0572385871840846,21.50000000000034,20.000000000000284
2025-11-04,1.136170212766041,1.0591317725108556,21.50000000000034,20.000000000000284
2025-11-05,1.141744114864574,1.0645999716458634,21.999999999999886,20.49999999999983
2025-11-06,1.1291669151411112,1.0709798994973883,21.50000000000034,20.499999999999872
2025-11-07,1.1259870782484638,1.0706647095826227,22.49999999999943,21.999999999999886
2025-11-10,1.1069971378114336,1.0627743634766134,21.999999999999886,21.50000000000034
2025-11-11,1.1088650754993619,1.0663164806302134,20.999999999999375,21.000000000000796
2025-11-12,1.1096401267947833,1.0801759133963604,20.49999999999983,20.49999999999983
2025-11-13,1.1257883074826078,1.0716637123321364,21.50000000000034,20.49999999999983
2025-11-14,1.1359942506496346,1.0760233918127629,22.49999999999943,20.999999999999375
2025-11-17,1.1433711597011444,1.0758701033929547,22.500000000000853,20.49999999999983
2025-11-18,1.132686084142467,1.0627849544072139,23.000000000000398,21.50000000000034
2025-11-19,1.1170886075950055,1.05527638190947,23.499999999999943,22.49999999999943
2025-11-20,1.0991208920880977,1.0351437699679658,23.99999999999949,23.000000000000398
2025-11-21,1.0662512299115112,0.9845642365232968,23.499999999999943,23.000000000000398
2025-11-24,1.0839403153950466,1.0053313023609167,23.499999999999943,23.000000000000398
2025-11-25,1.087757313109503,1.0195516162668596,21.999999999999886,21.50000000000034
2025-11-26,1.0599776267103973,1.0023845481280451,21.999999999999886,21.000000000000796
2025-11-27,1.0594622543951708,1.0005563945631475,21.50000000000034,21.50000000000034
2025-11-28,1.0675851312712485,1.0003148614608754,21.999999999999886,21.50000000000034
2025-12-01,1.0886699507390172,1.0259278088458723,22.999999999998977,22.49999999999943
2025-12-02,1.0754908598511468,1.0123125139914013,23.499999999999943,23.000000000000398
2025-12-03,1.075908976404505,1.0133333333332348,23.499999999999943,23.000000000000398
2025-12-04,1.074626865671746,1.0037528868359138,23.499999999999943,22.49999999999943
2025-12-05,1.0781294553750083,0.9812206572769586,23.99999999999949,22.49999999999943
2025-12-08,1.1008440206072827,0.9847682734281177,25.499999999999545,22.500000000000853
2025-12-09,1.1050901971752394,0.9948867142731851,25.0,21.999999999999886
2025-12-10,1.1051314142678648,0.9852006616175418,24.00000000000091,20.49999999999983
2025-12-11,1.109799615701389,0.9930087963096262,23.99999999999949,20.49999999999983
2025-12-12,1.1066464937898306,0.9882903981265296,25.0,22.499999999999474
2025-12-15,1.1076304066676357,0.9890525179209317,25.499999999999545,22.499999999999474
2025-12-16,1.101054004129094,0.9825398743354764,26.500000000000057,23.499999999999986
2025-12-17,1.0977361776229926,0.9811115147112727,27.50000000000057,24.00000000000091
2025-12-18,1.108184588593826,0.9911488493504681,25.499999999999588,23.000000000000355
2025-12-19,1.1067730802415954,0.9914992272025187,25.0,22.499999999999474
2025-12-22,1.110601061540676,0.9957533398213335,26.500000000000057,23.499999999999943
2025-12-23,1.102971665514867,0.993335413062637,26.500000000000057,23.499999999999943
2025-12-24,1.109912015397319,0.996350774758641,25.0,22.999999999998977
2025-12-29,1.0907088506207612,0.9853042543218935,25.499999999999545,24.00000000000091
2025-12-30,1.086411008803014,0.982236621606545,26.500000000000057,23.99999999999949
2025-12-31,1.087068121179385,0.9835680751173888,26.500000000000057,23.99999999999949
2026-01-02,1.0939348095172732,0.9953588408422235,27.000000000001023,25.0
2026-01-05,1.1043627031651122,1.00599068116266,25.499999999999545,23.99999999999949
2026-01-06,1.0759372303365462,0.9959639945832783,26.999999999999602,25.0
2026-01-07,1.090458526853911,1.0165591230661852,25.499999999999545,23.499999999999943
2026-01-08,1.0894065309401078,1.0162726435370233,25.499999999999545,23.499999999999943
2026-01-09,1.0846418284864956,1.0096747632770922,25.500000000000966,23.499999999999943
2026-01-12,1.0894148788820968,1.015045441816681,24.500000000000455,22.49999999999943
2026-01-13,1.0884800835355326,1.0150454418166794,25.0,23.000000000000398
2026-01-14,1.0934989043097336,1.018810984810412,23.99999999999949,22.499999999999474
2026-01-15,1.0781592403214535,1.0022504091653481,23.500000000001364,21.50000000000034
2026-01-16,1.0821056413942187,1.007817785461971,23.99999999999949,21.999999999999886
2026-01-19,1.0594585332419848,0.9992643633064792,25.499999999999545,23.000000000000398
2026-01-20,1.0522548317824274,0.9975210708974217,26.999999999999602,24.500000000000455
2026-01-21,1.0481661643141098,0.9941121784940133,26.999999999999602,24.00000000000091
2026-01-22,0.9615902964960646,0.9826708038170816,27.000000000001023,23.499999999999943
2026-01-23,0.9275614952547842,0.952717007762857,26.00000000000051,22.500000000000853
2026-01-26,0.9645052548087102,0.9886343663952333,25.500000000000966,22.49999999999943
2026-01-27,0.9592245989305311,0.9840198863636422,26.00000000000051,23.000000000000398
2026-01-28,0.9527412552716984,0.978918888450489,26.500000000000057,23.499999999999943
2026-01-29,0.9928825622776324,0.9819068916446502,24.500000000000455,23.499999999999943
2026-01-30,1.0043390222737,0.9852825745683005,25.0,23.499999999999943
2026-02-02,1.0029523860647855,0.9745258202962659,25.0,22.999999999998977
2026-02-03,1.0023980815348228,0.9702359012163724,25.99999999999909,23.500000000001364
2026-02-04,1.0261366730193642,0.9787086322610932,25.0,23.499999999999943
2026-02-05,1.0064895446225839,0.9635545230144221,25.0,22.999999999998977
2026-02-06,1.007168866636354,0.9624542583588598,25.0,23.000000000000355
2026-02-09,1.0131812140009038,0.9551328590097776,24.500000000000455,23.499999999999943
2026-02-10,1.0269984118581337,0.9742249733625132,24.00000000000091,23.000000000000398
2026-02-11,1.0202929239456484,0.9697092698767982,23.99999999999949,22.49999999999943
2026-02-12,1.0263157894736865,0.9696187450358168,22.999999999998977,22.500000000000853
2026-02-13,1.0230782578517923,0.9600296076980845,22.49999999999943,21.99999999999993
2026-02-16,1.0179550834247304,0.9527794381351689,21.999999999999886,21.999999999999886
2026-02-17,1.0615230083495462,0.9695351758794939,21.999999999999886,21.50000000000034
2026-02-18,1.0336415502655865,0.9302068965518212,21.999999999999886,21.000000000000796
2026-02-19,1.033713938247411,0.9312413474851005,21.999999999999886,21.50000000000034
2026-02-20,1.0192345825897067,0.9252626140865434,20.999999999999375,20.49999999999983
2026-02-23,1.0336124107362634,0.9228802726886218,19.999999999998863,20.49999999999983
2026-02-24,1.020083732783217,0.9177673625906189,18.500000000000227,19.499999999999318
2026-02-25,1.01170089584985,0.9132498921019274,18.000000000000682,19.499999999999318
2026-02-26,1.017903322060836,0.9268516395322736,18.500000000000227,19.50000000000074
2026-02-27,1.03576072821848,0.9128745837958457,17.00000000000017,19.50000000000074
2026-03-02,0.9658754251855755,0.8602459564229546,14.999999999999147,17.00000000000017
2026-03-03,0.9513794854434873,0.8775125628140787,13.500000000000512,15.500000000000114
2026-03-04,0.9133152968704576,0.8548040130213679,15.500000000000114,17.500000000001137
2026-03-05,0.9269404130962733,0.8739755682696422,14.500000000001023,15.999999999999659
2026-03-06,0.8821994991653009,0.8617027443796219,10.000000000000853,13.500000000000512
2026-03-09,0.8627161622880218,0.856232294617529,5.500000000000682,10.999999999999943
2026-03-10,0.826903632582297,0.8275316455695795,9.499999999999886,14.500000000001023
2026-03-11,0.8055533104121608,0.8081650806308833,3.999999999999204,9.999999999999432
2026-03-12,0.7948338928696855,0.8022047046260565,0.9999999999990905,7.500000000000284
2026-03-13,0.7948338928696858,0.801824309991224,1.5000000000000568,7.500000000000284
2026-03-16,0.7911532887777571,0.7963744033803424,2.4999999999991473,9.000000000000385
2026-03-17,0.7902685475255032,0.7948971820258448,3.0000000000001137,9.499999999999886
2026-03-18,0.7817428745261495,0.7873473292348699,-0.5000000000009663,6.499999999999773
2026-03-19,0.7347552890365975,0.7667726515377049,-10.500000000000398,0.5000000000009663
2026-03-20,0.7366851695177737,0.7909112264291505,-14.000000000000057,3.4999999999997033
2026-03-23,0.7044031902654192,0.7703006891951508,-7.500000000000284,7.9999999999998295
2026-03-24,0.6947570129814216,0.7620509416742274,-12.999999999999545,4.5000000000001705
2026-03-25,0.7028097667806347,0.7692216296139402,-12.999999999999545,4.5000000000001705
2026-03-26,0.7149312904546041,0.7758528143335306,-14.499999999999602,2.4999999999991473
2026-03-27,0.7128260285023033,0.7751586069000611,-12.999999999999545,3.50000000000108
2026-03-30,0.721521363057757,0.7813965827693127,-11.499999999999488,4.999999999999716
2026-03-31,0.7220948944263093,0.7844576016732971,-11.499999999999488,3.499999999999659
2026-04-01,0.7189128654022113,0.7858519404571717,-9.499999999999886,3.499999999999659
2026-04-02,0.7196665148424828,0.7871978925114103,-11.999999999999034,1.999999999999602
2026-04-07,0.7365955308583679,0.7957433483504445,-13.500000000000512,0.0
2026-04-08,0.6994912611220494,0.7511595547309626,-1.5000000000000568,9.000000000000341
2026-04-09,0.7033433248789506,0.7522683858643543,-3.0000000000001137,7.000000000000739
2026-04-10,0.7035738990085331,0.7526066539318494,-3.999999999999204,6.499999999999773
2026-04-13,0.7030367490647704,0.752495833402071,-6.999999999999318,4.999999999999716
2026-04-14,0.6949063355083182,0.7443035061248344,-2.5000000000005684,8.499999999999375
2026-04-15,0.692908306268636,0.7446467946100298,-2.5000000000005684,9.000000000000341
2026-04-16,0.6836088068789103,0.737538461538446,-0.49999999999954525,9.999999999999432
2026-04-17,0.6839219156410068,0.7393236451448594,3.0000000000001137,12.5
2026-04-20,0.6681878057960109,0.7245689655172326,1.0000000000005116,10.500000000000442
2026-04-21,0.6683951570112399,0.7234864181956073,-1.9999999999996465,8.499999999999375
2026-04-22,0.670903477883363,0.7234758193065209,-4.5000000000001705,6.499999999999773
2026-04-23,0.6685965730842462,0.725560779991316,-4.999999999999716,6.999999999999318
2026-04-24,0.6615979024209928,0.7252501596763931,-6.000000000000227,6.499999999999773
2026-04-27,0.6635279638681503,0.728007692855619,-6.499999999999773,7.000000000000739
2026-04-28,0.6609137666039849,0.7261006829319874,-9.999999999999432,5.000000000001137
2026-04-29,0.658890112854634,0.7219281040079144,-14.000000000000057,1.5000000000000568
2026-04-30,0.6669708029197043,0.7318061860023195,-14.999999999999147,1.0000000000005116
2026-05-04,0.6674822779323535,0.7359897172236476,-17.499999999999716,0.0
2026-05-05,0.6915238372760384,0.7495253682487658,-17.500000000001137,0.49999999999954525
2026-05-06,0.6757087480472382,0.7274420221482758,-9.499999999999886,4.5000000000001705
2026-05-07,0.6863346988799371,0.7355457152920974,-8.99999999999892,4.000000000000625
2026-05-08,0.6936408633678154,0.7401375532199859,-10.999999999999943,2.4999999999991473
2026-05-11,0.6882967891815779,0.73056223616273,-14.000000000000057,-0.9999999999990905
2026-05-12,0.6834377733527023,0.7318117165379462,-13.500000000000556,0.0
2026-05-13,0.680315187277356,0.7265013493011814,-13.000000000000966,0.0
2026-05-14,0.6724346932921069,0.7204119123634397,-10.999999999999943,1.0000000000005116
2026-05-15,0.6811092530824931,0.7322078397578069,-10.999999999999943,1.0000000000005116
2026-05-18,0.6803395910848077,0.7302769028930272,-8.499999999999375,2.5000000000005684
2026-05-19,0.6815794240173697,0.7283441367118338,-9.499999999999886,0.49999999999954525
2026-05-20,0.6741133413000168,0.7204676947137462,-7.9999999999998295,2.500000000000524
2026-05-21,0.6932321665928103,0.7582054196707263,-9.499999999999842,1.999999999999602
2026-05-22,0.6937551982256626,0.7683084548056067,-11.000000000001364,0.9999999999990905
2026-05-25,0.6963368191984282,0.761328334226001,-6.999999999999318,4.5000000000001705
2026-05-26,0.6980932471489559,0.7534303002755308,-9.499999999999842,1.5000000000000568
2026-05-27,0.7078317401724099,0.7607797259108063,-9.499999999999886,3.50000000000108
2026-05-28,0.7102804248100065,0.763150570553821,-9.500000000001307,3.499999999999659
2026-05-29,0.7143775608054755,0.7659526796916655,-10.999999999999943,3.0000000000001137
2026-06-01,0.7156680613217075,0.7639765288670949,-15.500000000000114,-0.5000000000009663
2026-06-02,0.7190127941278801,0.768931611388276,-15.999999999999659,-1.0000000000005116
2026-06-03,0.7334189499250001,0.776041518958584,-15.500000000000114,-2.5000000000005684
2026-06-04,0.733987961198644,0.7780043346831274,-14.000000000000057,-1.999999999999602
2026-06-05,0.738113858849506,0.7840232492202579,-12.5,0.0
2026-06-08,0.7393910643435869,0.7834851005045942,-11.499999999999488,-1.000000000000556
2026-06-09,0.739867488658298,0.7815721109527756,-10.999999999999943,0.0
2026-06-10,0.7470407715913678,0.7816104115966115,-11.999999999999034,-1.999999999999602
2026-06-11,0.7631409962388415,0.7913387231430803,-12.000000000000455,-0.49999999999954525
2026-06-12,0.74285647951984,0.7742676197177515,-8.499999999999375,1.5000000000000568
2026-06-15,0.7530549450549116,0.7740845851359189,-7.9999999999998295,3.0000000000001137
2026-06-16,0.7502920560747317,0.7726914775709834,-10.000000000000853,0.9999999999990905
2026-06-17,0.8050917215427738,0.7881348110983057,-9.499999999999886,0.5000000000009663
2026-06-18,0.8048107139710113,0.7883781221421096,-10.000000000000853,0.49999999999954525
2026-06-19,0.8135662853806509,0.795158968352704,-9.999999999999432,0.0
2026-06-22,0.823889124467136,0.8081911603311946,-8.499999999999375,1.5000000000000568
2026-06-23,0.8152133349918949,0.7947192652890439,-9.499999999999886,0.49999999999954525
2026-06-24,0.8161098000248216,0.7972723472444367,-9.999999999999476,-0.9999999999990905
2026-06-25,0.8194370048208625,0.7962962962962586,-8.500000000000796,0.49999999999954525
2026-06-26,0.8006715106366065,0.7673959040280612,-7.500000000000284,2.000000000001023
2026-06-29,0.7987231384093904,0.7625786628061085,-8.99999999999892,0.49999999999954525
2026-06-30,0.7993603711253172,0.7683106087484992,-7.9999999999998295,1.0000000000005116
2026-07-01,0.7835406584924041,0.7648669617999704,-4.5000000000001705,3.499999999999659
2026-07-02,0.7828057921123914,0.7660452165144199,-1.5000000000000568,5.499999999999261
2026-07-03,0.7851819507983474,0.75697680947832,0.5000000000009663,4.99999999999976
2026-07-06,0.7990814261248871,0.7643614495964309,-0.9999999999990905,4.999999999999716
2026-07-07,0.8189499094749767,0.7891303389606197,-1.5000000000000568,4.5000000000001705
2026-07-08,0.8070191185710601,0.8157711095603493,-4.500000000000126,3.0000000000000693
2026-07-09,0.8073577809120883,0.8126386311167209,-3.999999999999204,4.000000000000625
2026-07-10,0.8012883018644987,0.8070534646176278,-3.499999999999659,4.000000000000625
2026-07-13,0.832503288855479,0.8131609870740216,-5.500000000000682,1.0000000000005116
2026-07-14,0.823650861455224,0.8060575811705287,-6.499999999999773,0.49999999999954525
2026-07-15,0.8090822483328117,0.8061057072541835,-6.499999999999773,0.5000000000009663
2026-07-16,0.8060672669822351,0.803991877997134,-7.9999999999998295,-0.5000000000009663
2026-07-17,0.7976389534956856,0.7881644789324721,-8.500000000000796,-2.5000000000005684
2026-07-20,0.7958797958797984,0.7918408660828168,-7.500000000000284,-1.0000000000005116
2026-07-21,0.7979229276828838,0.7971522905489019,-7.000000000000739,-1.0000000000005116
2026-07-22,0.7839736661098493,0.7844883677216905,-10.000000000000853,-4.5000000000001705
2026-07-23,0.7808433370321677,0.7745826285209909,-9.499999999999886,-7.000000000000739
2026-07-24,0.8091132252903515,0.765587748009831,-8.499999999999375,-3.999999999999204
2026-07-27,0.8126992085377583,0.7673083058598021,-7.9999999999998295,-2.4999999999991473
2026-07-28,0.813759619974619,0.7620780427376725,-7.000000000000783,-1.0000000000005116
2026-07-29,0.8213271567131887,0.7624450951683595,-6.999999999999318,-2.500000000000524
2026-07-30,0.8125054333652264,0.756582514912313,-4.5000000000001705,-0.49999999999950084
2026-07-31,0.8092017738359298,0.7493181254648883,-4.5000000000001705,-1.5000000000000568
2026-08-03,0.8243261546796856,0.75440119018099,-5.000000000001137,-0.5000000000009663
2026-08-04,0.8206100666413831,0.7506658422904748,-3.999999999999204,0.49999999999954525
2026-08-05,0.8141581254325578,0.7402428447527999,-3.499999999999659,0.49999999999954525
2026-08-06,0.8187533899336944,0.7433307995800981,-2.5000000000005684,0.0
2026-08-07,0.8184497966272124,0.7459713518352585,-2.5000000000005684,-0.49999999999954525
2026-08-10,0.8325487558843327,0.7551181479001094,-1.5000000000000568,-1.0000000000005116
2026-08-11,0.8406840884766322,0.7625427493565418,-3.0000000000001137,-1.5000000000001013
2026-08-12,0.8563535911602198,0.7684350978285099,-3.499999999999659,-1.000000000000556
2026-08-13,0.8759469157600964,0.7781931105871338,-4.5000000000001705,-1.0000000000005116
2026-08-14,0.8739645782801722,0.7868795193348685,-2.5000000000005684,0.49999999999954525
2026-08-17,0.8709014287182678,0.7846324776328607,-2.000000000001023,1.5000000000000568
2026-08-18,0.8742933497790278,0.7758447641351355,-1.999999999999602,-0.49999999999954525
2026-08-19,0.9046932765211078,0.7473502054942436,-3.0000000000001137,-0.9999999999990905
2026-08-20,0.9022847850725558,0.7409529553678986,-2.5000000000005684,0.0
2026-08-21,0.900452044025191,0.7401465785790472,-1.5000000000000568,0.49999999999954525
2026-08-24,0.9008509384586472,0.7456893133040219,-4.000000000000625,-2.000000000001023
2026-08-25,0.9070502687322402,0.7549484491233939,-3.499999999999659,-1.0000000000005116
2026-08-26,0.9070274368573424,0.7560438286277211,-3.499999999999659,0.0
2026-08-27,0.9217073210210478,0.7554991909738827,-2.5000000000005684,-0.9999999999990905
2026-08-28,0.9249777555767408,0.7536312460907434,-2.5000000000005684,-3.0000000000001137
2026-08-31,0.9334703707681062,0.7620055347549903,-0.9999999999990905,-2.4999999999991473
2026-09-01,0.9288376873399178,0.7590758626326296,-1.5000000000000568,-3.0000000000001137
2026-09-02,0.9491478623694438,0.7837731068397372,-2.5000000000005684,-3.0000000000001137
2026-09-03,0.9520257194581578,0.8038377131281141,-3.0000000000001137,-2.5000000000005684
2026-09-04,0.9579157283089177,0.8199325800611809,-2.5000000000005684,-1.0000000000005116
2026-09-07,0.9670350465521387,0.8191992538805027,-1.5000000000000568,-1.9999999999995577
2026-09-08,0.9704677732270075,0.8264819676661622,-0.5000000000009663,-1.999999999999602
2026-09-09,1.0049611774036016,0.8358277336591314,1.5000000000000568,-3.4999999999997033
2026-09-10,0.8317424134492417,0.7510047586146491,-5.999999999998806,-10.999999999999943
2026-09-11,0.8351679527916842,0.7454807903717677,-7.000000000000739,-9.000000000000341
2026-09-14,0.8251846135901022,0.717655609292138,-8.500000000000796,-14.000000000000057
2026-09-15,0.7942059324746735,0.6924063921614398,-4.000000000000625,-10.000000000000853
2026-09-16,0.8144110785478038,0.6974110696262203,-5.500000000000682,-7.9999999999998295
2026-09-17,0.8143695672027526,0.6983480574074629,-7.000000000000739,-10.000000000000853
2026-09-18,0.8395440526533731,0.7158909236935633,-4.5000000000001705,-10.999999999999943
