date,Z26_rate,U27_rate,Z26_price,U27_price,spread_U27_minus_Z26_bp
2021-09-21,0.9599999999999936,1.0250000000000057,99.04,98.975,6.500000000001204
2021-09-22,0.9699999999999988,1.0349999999999966,99.03,98.965,6.499999999999783
2021-09-23,1.0300000000000011,1.0799999999999983,98.97,98.92,4.999999999999716
2021-09-24,1.0499999999999972,1.1149999999999949,98.95,98.885,6.499999999999773
2021-09-27,1.0699999999999932,1.1299999999999957,98.93,98.87,6.00000000000025
2021-09-28,1.1149999999999949,1.1899999999999975,98.885,98.81,7.500000000000262
2021-09-29,1.0999999999999943,1.1749999999999972,98.9,98.825,7.500000000000284
2021-09-30,1.1749999999999972,1.2249999999999943,98.825,98.775,4.999999999999716
2021-10-01,1.1550000000000011,1.2150000000000034,98.845,98.785,6.000000000000227
2021-10-04,1.1350000000000051,1.2049999999999983,98.865,98.795,6.999999999999318
2021-10-05,1.2150000000000034,1.2800000000000011,98.785,98.72,6.499999999999773
2021-10-06,1.2099999999999935,1.2800000000000011,98.79,98.72,7.000000000000761
2021-10-07,1.2099999999999935,1.2800000000000011,98.79,98.72,7.000000000000761
2021-10-08,1.2549999999999957,1.3149999999999975,98.745,98.685,6.000000000000183
2021-10-11,1.2750000000000057,1.3499999999999943,98.725,98.65,7.499999999998863
2021-10-12,1.230000000000004,1.3100000000000025,98.77,98.69,7.999999999999852
2021-10-13,1.1200000000000043,1.1850000000000025,98.88,98.815,6.499999999999817
2021-10-14,1.0849999999999935,1.1550000000000011,98.915,98.845,7.000000000000761
2021-10-15,1.125,1.1899999999999975,98.875,98.81,6.49999999999975
2021-10-18,1.0900000000000034,1.1650000000000065,98.91,98.835,7.500000000000306
2021-10-19,1.1400000000000006,1.1899999999999975,98.86,98.81,4.999999999999694
2021-10-20,1.144999999999996,1.1749999999999972,98.855,98.825,3.0000000000001137
2021-10-21,1.2150000000000034,1.2399999999999949,98.785,98.76,2.4999999999991473
2021-10-22,1.2049999999999983,1.230000000000004,98.795,98.77,2.5000000000005684
2021-10-25,1.1749999999999972,1.2000000000000028,98.825,98.8,2.5000000000005684
2021-10-26,1.1500000000000057,1.1749999999999972,98.85,98.825,2.4999999999991473
2021-10-27,1.0400000000000065,1.1099999999999994,98.96,98.89,6.999999999999296
2021-10-28,1.0250000000000057,1.0849999999999935,98.975,98.915,5.999999999998784
2021-10-29,1.0799999999999983,1.1400000000000006,98.92,98.86,6.000000000000227
2021-11-01,1.125,1.1700000000000017,98.875,98.83,4.5000000000001705
2021-11-02,1.0699999999999932,1.1200000000000043,98.93,98.88,5.000000000001115
2021-11-03,1.1200000000000043,1.144999999999996,98.88,98.855,2.4999999999991696
2021-11-04,0.9899999999999948,1.0349999999999966,99.01,98.965,4.500000000000181
2021-11-05,0.9399999999999976,0.9899999999999948,99.06,99.01,4.999999999999716
2021-11-08,0.9549999999999984,1.0100000000000051,99.045,98.99,5.5000000000006715
2021-11-09,0.9599999999999936,1.0100000000000051,99.04,98.99,5.0000000000011475
2021-11-10,1.0300000000000011,1.0849999999999935,98.97,98.915,5.499999999999239
2021-11-11,1.0600000000000025,1.105000000000004,98.94,98.895,4.500000000000148
2021-11-12,1.0499999999999972,1.0999999999999943,98.95,98.9,4.999999999999716
2021-11-15,1.0900000000000034,1.125,98.91,98.875,3.499999999999659
2021-11-16,1.1299999999999957,1.1599999999999966,98.87,98.84,3.0000000000000915
2021-11-17,1.1099999999999994,1.1350000000000051,98.89,98.865,2.5000000000005684
2021-11-18,1.0400000000000065,1.0550000000000068,98.96,98.945,1.5000000000000346
2021-11-19,0.9899999999999948,1.0049999999999957,99.01,98.995,1.5000000000000902
2021-11-22,1.0349999999999966,1.0300000000000011,98.965,98.97,-0.49999999999954525
2021-11-23,1.0699999999999932,1.0649999999999975,98.93,98.935,-0.49999999999956746
2021-11-24,1.125,1.144999999999996,98.875,98.855,1.999999999999602
2021-11-25,1.0849999999999935,1.0849999999999935,98.915,98.915,0.0
2021-11-26,0.9500000000000028,0.9599999999999936,99.05,99.04,0.9999999999990794
2021-11-29,0.9699999999999988,0.980000000000004,99.03,99.02,1.0000000000005227
2021-11-30,0.9599999999999936,0.9699999999999988,99.04,99.03,1.0000000000005116
2021-12-01,0.9650000000000034,0.9749999999999944,99.035,99.025,0.9999999999991016
2021-12-02,0.9249999999999972,0.9350000000000024,99.075,99.065,1.0000000000005227
2021-12-03,0.894999999999996,0.9099999999999966,99.105,99.09,1.5000000000000568
2021-12-06,0.8649999999999949,0.875,99.135,99.125,1.0000000000005116
2021-12-07,0.8349999999999937,0.8449999999999989,99.165,99.155,1.0000000000005116
2021-12-08,0.8349999999999937,0.8499999999999943,99.165,99.15,1.5000000000000568
2021-12-09,0.8199999999999932,0.8250000000000028,99.18,99.175,0.5000000000009663
2021-12-10,0.7999999999999972,0.8149999999999977,99.2,99.185,1.5000000000000568
2021-12-13,0.7750000000000057,0.7800000000000011,99.225,99.22,0.49999999999954525
2021-12-14,0.7950000000000017,0.8050000000000068,99.205,99.195,1.0000000000005116
2021-12-15,0.7999999999999972,0.8149999999999977,99.2,99.185,1.5000000000000568
2021-12-16,0.8250000000000028,0.8400000000000034,99.175,99.16,1.5000000000000568
2021-12-17,0.8349999999999937,0.8499999999999943,99.165,99.15,1.5000000000000568
2021-12-20,0.8499999999999943,0.855000000000004,99.15,99.145,0.5000000000009663
2021-12-21,0.980000000000004,0.9849999999999994,99.02,99.015,0.49999999999954525
2021-12-22,1.0250000000000057,1.0300000000000011,98.975,98.97,0.49999999999954525
2021-12-23,1.0699999999999932,1.0750000000000028,98.93,98.925,0.5000000000009663
2021-12-24,1.0600000000000025,1.0649999999999975,98.94,98.935,0.49999999999950084
2021-12-27,1.0600000000000025,1.0649999999999975,98.94,98.935,0.49999999999950084
2021-12-28,1.0600000000000025,1.0649999999999975,98.94,98.935,0.49999999999950084
2021-12-29,1.1400000000000006,1.144999999999996,98.86,98.855,0.49999999999954525
2021-12-30,1.1200000000000043,1.125,98.88,98.875,0.49999999999956746
2021-12-31,1.0799999999999983,1.0849999999999935,98.92,98.915,0.49999999999952305
2022-01-03,1.0799999999999983,1.0849999999999935,98.92,98.915,0.49999999999952305
2022-01-04,1.1650000000000065,1.1650000000000065,98.835,98.835,0.0
2022-01-05,1.1500000000000057,1.1500000000000057,98.85,98.85,0.0
2022-01-06,1.2150000000000034,1.2150000000000034,98.785,98.785,0.0
2022-01-07,1.2399999999999949,1.25,98.76,98.75,1.0000000000005116
2022-01-10,1.2549999999999957,1.2650000000000006,98.745,98.735,1.0000000000004894
2022-01-11,1.25,1.2650000000000006,98.75,98.735,1.5000000000000568
2022-01-12,1.2150000000000034,1.2549999999999957,98.785,98.745,3.9999999999992264
2022-01-13,1.1949999999999932,1.2399999999999949,98.805,98.76,4.5000000000001705
2022-01-14,1.2249999999999943,1.269999999999996,98.775,98.73,4.5000000000001705
2022-01-17,1.25,1.2950000000000017,98.75,98.705,4.5000000000001705
2022-01-18,1.2800000000000011,1.3250000000000028,98.72,98.675,4.5000000000001705
2022-01-19,1.3199999999999932,1.4000000000000057,98.68,98.6,8.00000000000125
2022-01-20,1.2800000000000011,1.3649999999999949,98.72,98.635,8.499999999999375
2022-01-21,1.230000000000004,1.3149999999999975,98.77,98.685,8.499999999999353
2022-01-24,1.2049999999999983,1.2999999999999972,98.795,98.7,9.499999999999886
2022-01-25,1.2150000000000034,1.3100000000000025,98.785,98.69,9.499999999999908
2022-01-26,1.2750000000000057,1.3700000000000043,98.725,98.63,9.499999999999865
2022-01-27,1.2849999999999966,1.3850000000000051,98.715,98.615,10.000000000000853
2022-01-28,1.2849999999999966,1.3850000000000051,98.715,98.615,10.000000000000853
2022-01-31,1.3349999999999935,1.4300000000000068,98.665,98.57,9.500000000001329
2022-02-01,1.355000000000004,1.4399999999999975,98.645,98.56,8.499999999999353
2022-02-02,1.3199999999999932,1.4050000000000011,98.68,98.595,8.500000000000796
2022-02-03,1.394999999999996,1.4650000000000034,98.605,98.535,7.000000000000739
2022-02-04,1.4099999999999966,1.480000000000004,98.59,98.52,7.000000000000739
2022-02-07,1.4249999999999972,1.4950000000000043,98.575,98.505,7.000000000000717
2022-02-08,1.5250000000000057,1.605000000000004,98.475,98.395,7.9999999999998295
2022-02-09,1.5049999999999957,1.5649999999999975,98.495,98.435,6.000000000000183
2022-02-10,1.6099999999999994,1.6350000000000051,98.39,98.365,2.5000000000005684
2022-02-11,1.6749999999999972,1.6500000000000057,98.325,98.35,-2.4999999999991473
2022-02-14,1.7150000000000034,1.6899999999999975,98.285,98.31,-2.5000000000005906
2022-02-15,1.7099999999999935,1.7000000000000028,98.29,98.3,-0.9999999999990683
2022-02-16,1.6099999999999994,1.6599999999999966,98.39,98.34,4.999999999999716
2022-02-17,1.5849999999999935,1.6200000000000043,98.415,98.38,3.50000000000108
2022-02-18,1.5349999999999966,1.5699999999999932,98.465,98.43,3.499999999999659
2022-02-21,1.5699999999999932,1.5999999999999943,98.43,98.4,3.0000000000001137
2022-02-22,1.6350000000000051,1.6650000000000065,98.365,98.335,3.000000000000136
2022-02-23,1.625,1.6500000000000057,98.375,98.35,2.5000000000005684
2022-02-24,1.6299999999999957,1.6700000000000017,98.37,98.33,4.000000000000603
2022-02-25,1.644999999999996,1.6850000000000025,98.355,98.315,4.0000000000006475
2022-02-28,1.6299999999999957,1.6749999999999972,98.37,98.325,4.500000000000148
2022-03-01,1.4350000000000025,1.5750000000000028,98.565,98.425,14.000000000000036
2022-03-02,1.5150000000000006,1.625,98.485,98.375,10.999999999999943
2022-03-03,1.5999999999999943,1.7099999999999935,98.4,98.29,10.999999999999922
2022-03-04,1.6099999999999994,1.7249999999999943,98.39,98.275,11.499999999999488
2022-03-07,1.6700000000000017,1.7549999999999957,98.33,98.245,8.499999999999396
2022-03-08,1.75,1.7950000000000017,98.25,98.205,4.5000000000001705
2022-03-09,1.8050000000000068,1.8250000000000028,98.195,98.175,1.999999999999602
2022-03-10,1.8349999999999935,1.8700000000000043,98.165,98.13,3.50000000000108
2022-03-11,1.8400000000000036,1.875,98.16,98.125,3.4999999999996367
2022-03-14,1.885000000000005,1.9000000000000057,98.115,98.1,1.500000000000079
2022-03-15,1.8599999999999997,1.8900000000000008,98.14,98.11,3.0000000000001137
2022-03-16,1.8900000000000008,1.9350000000000025,98.11,98.065,4.5000000000001705
2022-03-17,1.8100000000000025,1.855000000000004,98.19,98.145,4.500000000000148
2022-03-18,1.7800000000000011,1.8199999999999927,98.22,98.18,3.99999999999916
2022-03-21,1.8599999999999997,1.9050000000000007,98.14,98.095,4.500000000000104
2022-03-22,1.9599999999999935,1.9950000000000043,98.04,98.005,3.50000000000108
2022-03-23,1.9249999999999967,1.9549999999999983,98.075,98.045,3.000000000000158
2022-03-24,1.894999999999996,1.9399999999999975,98.105,98.06,4.500000000000148
2022-03-25,1.9249999999999967,1.9699999999999989,98.075,98.03,4.500000000000215
2022-03-28,1.8799999999999957,1.9200000000000017,98.12,98.08,4.000000000000603
2022-03-29,1.9150000000000065,1.9549999999999983,98.085,98.045,3.999999999999182
2022-03-30,1.9399999999999975,1.980000000000004,98.06,98.02,4.0000000000006475
2022-03-31,1.894999999999996,1.9350000000000025,98.105,98.065,4.0000000000006475
2022-04-01,1.9050000000000007,1.9500000000000028,98.095,98.05,4.500000000000215
2022-04-04,1.8299999999999983,1.8700000000000043,98.17,98.13,4.000000000000603
2022-04-05,1.9150000000000065,1.9500000000000028,98.085,98.05,3.4999999999996367
2022-04-06,1.9849999999999997,2.0250000000000057,98.015,97.975,4.000000000000603
2022-04-07,2.0049999999999955,2.0450000000000017,97.995,97.955,4.000000000000625
2022-04-08,2.019999999999996,2.055000000000007,97.98,97.945,3.50000000000108
2022-04-11,2.114999999999995,2.1299999999999955,97.885,97.87,1.5000000000000568
2022-04-12,2.0900000000000034,2.1099999999999994,97.91,97.89,1.999999999999602
2022-04-13,2.094999999999999,2.114999999999995,97.905,97.885,1.999999999999602
2022-04-14,2.174999999999997,2.2099999999999937,97.825,97.79,3.499999999999659
2022-04-18,2.174999999999997,2.2099999999999937,97.825,97.79,3.499999999999659
2022-04-19,2.260000000000005,2.319999999999993,97.74,97.68,5.999999999998806
2022-04-20,2.194999999999993,2.2549999999999955,97.805,97.745,6.000000000000227
2022-04-21,2.2099999999999937,2.2750000000000057,97.79,97.725,6.500000000001194
2022-04-22,2.1899999999999977,2.25,97.81,97.75,6.000000000000227
2022-04-25,2.0900000000000034,2.1500000000000057,97.91,97.85,6.000000000000227
2022-04-26,2.0349999999999966,2.094999999999999,97.965,97.905,6.000000000000227
2022-04-27,2.0349999999999966,2.0999999999999943,97.965,97.9,6.499999999999773
2022-04-28,2.094999999999999,2.1599999999999966,97.905,97.84,6.499999999999773
2022-04-29,2.114999999999995,2.180000000000007,97.885,97.82,6.500000000001194
2022-05-02,2.114999999999995,2.180000000000007,97.885,97.82,6.500000000001194
2022-05-03,2.1650000000000063,2.230000000000004,97.835,97.77,6.499999999999773
2022-05-04,2.2049999999999983,2.265000000000001,97.795,97.735,6.000000000000272
2022-05-05,2.2049999999999983,2.265000000000001,97.795,97.735,6.000000000000272
2022-05-06,2.280000000000001,2.3400000000000034,97.72,97.66,6.000000000000227
2022-05-09,2.265000000000001,2.325000000000003,97.735,97.675,6.000000000000183
2022-05-10,2.2150000000000034,2.265000000000001,97.785,97.735,4.99999999999976
2022-05-11,2.2049999999999983,2.2450000000000045,97.795,97.755,4.000000000000625
2022-05-12,2.055000000000007,2.0849999999999937,97.945,97.915,2.9999999999986926
2022-05-13,2.055000000000007,2.0799999999999983,97.945,97.92,2.4999999999991473
2022-05-16,2.069999999999993,2.0999999999999943,97.93,97.9,3.0000000000001137
2022-05-17,2.1899999999999977,2.219999999999999,97.81,97.78,3.0000000000001137
2022-05-18,2.140000000000001,2.1700000000000017,97.86,97.83,3.0000000000000693
2022-05-19,2.135000000000005,2.1599999999999966,97.865,97.84,2.4999999999991473
2022-05-20,2.1899999999999977,2.2099999999999937,97.81,97.79,1.999999999999602
2022-05-23,2.2349999999999994,2.239999999999995,97.765,97.76,0.49999999999954525
2022-05-24,2.1599999999999966,2.174999999999997,97.84,97.825,1.5000000000000568
2022-05-25,2.1899999999999977,2.2049999999999983,97.81,97.795,1.5000000000000568
2022-05-26,2.280000000000001,2.2950000000000017,97.72,97.705,1.5000000000000568
2022-05-27,2.2349999999999994,2.25,97.765,97.75,1.5000000000000568
2022-05-30,2.265000000000001,2.280000000000001,97.735,97.72,1.5000000000000124
2022-05-31,2.3799999999999955,2.394999999999996,97.62,97.605,1.5000000000000568
2022-06-01,2.4200000000000017,2.4399999999999977,97.58,97.56,1.999999999999602
2022-06-02,2.4200000000000017,2.4399999999999977,97.58,97.56,1.999999999999602
2022-06-03,2.4200000000000017,2.4399999999999977,97.58,97.56,1.999999999999602
2022-06-06,2.5,2.515000000000001,97.5,97.485,1.5000000000001013
2022-06-07,2.4599999999999937,2.4749999999999943,97.54,97.525,1.5000000000000568
2022-06-08,2.469999999999999,2.4950000000000045,97.53,97.505,2.5000000000005684
2022-06-09,2.5649999999999977,2.5900000000000034,97.435,97.41,2.5000000000005684
2022-06-10,2.635000000000005,2.644999999999996,97.365,97.355,0.9999999999990905
2022-06-13,2.7549999999999955,2.75,97.245,97.25,-0.49999999999954525
2022-06-14,2.7900000000000063,2.780000000000001,97.21,97.22,-1.0000000000005116
2022-06-15,2.7549999999999955,2.7849999999999966,97.245,97.215,3.0000000000001137
2022-06-16,2.8100000000000023,2.844999999999999,97.19,97.155,3.499999999999659
2022-06-17,2.739999999999995,2.765000000000001,97.26,97.235,2.500000000000613
2022-06-20,2.8700000000000045,2.894999999999996,97.13,97.105,2.4999999999991473
2022-06-21,2.9150000000000063,2.9350000000000023,97.085,97.065,1.999999999999602
2022-06-22,2.730000000000004,2.75,97.27,97.25,1.999999999999602
2022-06-23,2.5600000000000023,2.575000000000003,97.44,97.425,1.5000000000000568
2022-06-24,2.5600000000000023,2.5900000000000034,97.44,97.41,3.0000000000001137
2022-06-27,2.6650000000000063,2.6899999999999977,97.335,97.31,2.4999999999991473
2022-06-28,2.7549999999999955,2.780000000000001,97.245,97.22,2.5000000000005684
2022-06-29,2.6850000000000023,2.7099999999999937,97.315,97.29,2.4999999999991473
2022-06-30,2.5900000000000034,2.6099999999999994,97.41,97.39,1.999999999999602
2022-07-01,2.364999999999995,2.4150000000000063,97.635,97.585,5.000000000001137
2022-07-04,2.480000000000004,2.530000000000001,97.52,97.47,4.999999999999716
2022-07-05,2.390000000000001,2.4399999999999977,97.61,97.56,4.999999999999671
2022-07-06,2.405000000000001,2.444999999999993,97.595,97.555,3.999999999999204
2022-07-07,2.4549999999999983,2.4950000000000045,97.545,97.505,4.000000000000625
2022-07-08,2.555000000000007,2.594999999999999,97.445,97.405,3.999999999999204
2022-07-11,2.480000000000004,2.510000000000005,97.52,97.49,3.0000000000001137
2022-07-12,2.375,2.405000000000001,97.625,97.595,3.0000000000001137
2022-07-13,2.375,2.405000000000001,97.625,97.595,3.0000000000001137
2022-07-14,2.375,2.4000000000000057,97.625,97.6,2.5000000000005684
2022-07-15,2.394999999999996,2.424999999999997,97.605,97.575,3.0000000000001137
2022-07-18,2.4549999999999983,2.4849999999999994,97.545,97.515,3.0000000000001137
2022-07-19,2.5049999999999955,2.5400000000000063,97.495,97.46,3.50000000000108
2022-07-20,2.430000000000007,2.4549999999999983,97.57,97.545,2.4999999999991473
2022-07-21,2.3499999999999943,2.3700000000000045,97.65,97.63,2.000000000001023
2022-07-22,2.2450000000000045,2.269999999999996,97.755,97.73,2.4999999999991473
2022-07-25,2.2450000000000045,2.260000000000005,97.755,97.74,1.5000000000000568
2022-07-26,2.194999999999993,2.219999999999999,97.805,97.78,2.5000000000005684
2022-07-27,2.239999999999995,2.265000000000001,97.76,97.735,2.500000000000613
2022-07-28,2.1200000000000045,2.1500000000000057,97.88,97.85,3.0000000000001137
2022-07-29,2.144999999999996,2.174999999999997,97.855,97.825,3.0000000000001137
2022-08-01,2.0849999999999937,2.105000000000004,97.915,97.895,2.000000000001023
2022-08-02,2.0900000000000034,2.105000000000004,97.91,97.895,1.5000000000000568
2022-08-03,2.180000000000007,2.1899999999999977,97.82,97.81,0.9999999999990905
2022-08-04,2.094999999999999,2.0999999999999943,97.905,97.9,0.49999999999954525
2022-08-05,2.2349999999999994,2.239999999999995,97.765,97.76,0.49999999999954525
2022-08-08,2.1599999999999966,2.1650000000000063,97.84,97.835,0.5000000000009663
2022-08-09,2.2450000000000045,2.25,97.755,97.75,0.49999999999954525
2022-08-10,2.194999999999993,2.200000000000003,97.805,97.8,0.5000000000009663
2022-08-11,2.280000000000001,2.2849999999999966,97.72,97.715,0.49999999999954525
2022-08-12,2.325000000000003,2.3299999999999983,97.675,97.67,0.49999999999954525
2022-08-15,2.230000000000004,2.2150000000000034,97.77,97.785,-1.5000000000000568
2022-08-16,2.3349999999999937,2.3299999999999983,97.665,97.67,-0.49999999999954525
2022-08-17,2.444999999999993,2.430000000000007,97.555,97.57,-1.4999999999986358
2022-08-18,2.4599999999999937,2.444999999999993,97.54,97.555,-1.5000000000000568
2022-08-19,2.625,2.625,97.375,97.375,0.0
2022-08-22,2.694999999999993,2.6850000000000023,97.305,97.315,-0.9999999999990905
2022-08-23,2.805000000000007,2.799999999999997,97.195,97.2,-0.5000000000009663
2022-08-24,2.9200000000000017,2.905000000000001,97.08,97.095,-1.5000000000000568
2022-08-25,2.864999999999995,2.8599999999999994,97.135,97.14,-0.49999999999954525
2022-08-26,2.8499999999999943,2.844999999999999,97.15,97.155,-0.49999999999954525
2022-08-29,2.8499999999999943,2.844999999999999,97.15,97.155,-0.49999999999954525
2022-08-30,2.9200000000000017,2.9099999999999966,97.08,97.09,-1.0000000000005116
2022-08-31,2.969999999999999,2.9549999999999983,97.03,97.045,-1.5000000000000568
2022-09-01,3.049999999999997,3.0349999999999966,96.95,96.965,-1.5000000000000568
2022-09-02,3.0349999999999966,3.0250000000000057,96.965,96.975,-0.9999999999990905
2022-09-05,3.0849999999999937,3.075000000000003,96.915,96.925,-0.9999999999990905
2022-09-06,3.260000000000005,3.265000000000001,96.74,96.735,0.49999999999958966
2022-09-07,3.1700000000000017,3.1700000000000017,96.83,96.83,0.0
2022-09-08,3.265000000000001,3.265000000000001,96.735,96.735,0.0
2022-09-09,3.2450000000000045,3.25,96.755,96.75,0.49999999999954525
2022-09-12,3.1700000000000017,3.1650000000000063,96.83,96.835,-0.49999999999954525
2022-09-13,3.2750000000000057,3.269999999999996,96.725,96.73,-0.5000000000009663
2022-09-14,3.25,3.239999999999995,96.75,96.76,-1.0000000000005116
2022-09-15,3.2750000000000057,3.260000000000005,96.725,96.74,-1.5000000000000568
2022-09-16,3.299999999999997,3.2849999999999966,96.7,96.715,-1.5000000000000568
2022-09-19,3.299999999999997,3.2849999999999966,96.7,96.715,-1.5000000000000568
2022-09-20,3.4950000000000045,3.469999999999999,96.505,96.53,-2.5000000000005684
2022-09-21,3.5600000000000023,3.519999999999996,96.44,96.48,-4.000000000000625
2022-09-22,3.680000000000007,3.625,96.32,96.375,-5.500000000000682
2022-09-23,3.944999999999993,3.86,96.055,96.14,-8.49999999999933
2022-09-26,4.430000000000007,4.305000000000007,95.57,95.695,-12.5
2022-09-27,4.629999999999996,4.545000000000002,95.37,95.455,-8.499999999999464
2022-09-28,4.355000000000004,4.265000000000001,95.645,95.735,-9.000000000000341
2022-09-29,4.3700000000000045,4.284999999999997,95.63,95.715,-8.500000000000796
2022-09-30,4.564999999999998,4.415000000000006,95.435,95.585,-14.999999999999147
2022-10-03,4.394999999999996,4.230000000000004,95.605,95.77,-16.499999999999204
2022-10-04,4.319999999999993,4.155000000000001,95.68,95.845,-16.499999999999204
2022-10-05,4.489999999999995,4.344999999999999,95.51,95.655,-14.499999999999602
2022-10-06,4.650000000000006,4.510000000000005,95.35,95.49,-14.000000000000057
2022-10-07,4.715000000000003,4.569999999999993,95.285,95.43,-14.500000000001023
2022-10-10,5.004999999999996,4.864999999999995,94.995,95.135,-14.000000000000146
2022-10-11,5.0,4.855000000000004,95.0,95.145,-14.499999999999602
2022-10-12,5.079999999999998,4.974999999999994,94.92,95.025,-10.500000000000398
2022-10-13,4.814999999999998,4.700000000000003,95.185,95.3,-11.499999999999488
2022-10-14,4.765000000000001,4.644999999999996,95.235,95.355,-12.000000000000455
2022-10-17,4.5,4.405000000000001,95.5,95.595,-9.499999999999886
2022-10-18,4.5,4.415000000000006,95.5,95.585,-8.499999999999375
2022-10-19,4.340000000000003,4.254999999999996,95.66,95.745,-8.500000000000707
2022-10-20,4.319999999999993,4.194999999999993,95.68,95.805,-12.5
2022-10-21,4.489999999999995,4.359999999999999,95.51,95.64,-12.999999999999545
2022-10-24,4.209999999999994,4.079999999999998,95.79,95.92,-12.999999999999545
2022-10-25,4.125,3.989999999999995,95.875,96.01,-13.500000000000512
2022-10-26,4.060000000000002,3.950000000000003,95.94,96.05,-10.999999999999943
2022-10-27,3.985,3.885000000000005,96.015,96.115,-9.999999999999476
2022-10-28,3.894999999999996,3.754999999999996,96.105,96.245,-14.000000000000012
2022-10-31,4.010000000000005,3.879999999999996,95.99,96.12,-13.000000000000922
2022-11-01,3.894999999999996,3.765000000000001,96.105,96.235,-12.9999999999995
2022-11-02,3.8349999999999937,3.700000000000003,96.165,96.3,-13.49999999999909
2022-11-03,3.9000000000000057,3.765000000000001,96.1,96.235,-13.500000000000467
2022-11-04,3.924999999999997,3.8149999999999977,96.075,96.185,-10.999999999999943
2022-11-07,3.9000000000000057,3.7950000000000017,96.1,96.205,-10.500000000000398
2022-11-08,3.855000000000004,3.745000000000005,96.145,96.255,-10.999999999999899
2022-11-09,3.7099999999999937,3.5900000000000034,96.29,96.41,-11.999999999999034
2022-11-10,3.519999999999996,3.390000000000001,96.48,96.61,-12.9999999999995
2022-11-11,3.575000000000003,3.4549999999999983,96.425,96.545,-12.000000000000455
2022-11-14,3.5849999999999937,3.4650000000000034,96.415,96.535,-11.999999999999034
2022-11-15,3.555000000000007,3.4350000000000023,96.445,96.565,-12.000000000000455
2022-11-16,3.4000000000000057,3.2750000000000057,96.6,96.725,-12.5
2022-11-17,3.4399999999999977,3.3149999999999977,96.56,96.685,-12.5
2022-11-18,3.515000000000001,3.385000000000005,96.485,96.615,-12.99999999999959
2022-11-21,3.5,3.364999999999995,96.5,96.635,-13.500000000000512
2022-11-22,3.4200000000000017,3.2950000000000017,96.58,96.705,-12.5
2022-11-23,3.2950000000000017,3.1599999999999966,96.705,96.84,-13.500000000000512
2022-11-24,3.3299999999999983,3.194999999999993,96.67,96.805,-13.500000000000512
2022-11-25,3.405000000000001,3.280000000000001,96.595,96.72,-12.5
2022-11-28,3.394999999999996,3.2950000000000017,96.605,96.705,-9.999999999999432
2022-11-29,3.3499999999999943,3.265000000000001,96.65,96.735,-8.49999999999933
2022-11-30,3.4350000000000023,3.325000000000003,96.565,96.675,-10.999999999999943
2022-12-01,3.3499999999999943,3.260000000000005,96.65,96.74,-8.99999999999892
2022-12-02,3.385000000000005,3.299999999999997,96.615,96.7,-8.500000000000796
2022-12-05,3.269999999999996,3.1700000000000017,96.73,96.83,-9.999999999999432
2022-12-06,3.260000000000005,3.1599999999999966,96.74,96.84,-10.000000000000853
2022-12-07,3.2549999999999955,3.1299999999999955,96.745,96.87,-12.5
2022-12-08,3.2450000000000045,3.1200000000000045,96.755,96.88,-12.5
2022-12-09,3.3499999999999943,3.25,96.65,96.75,-9.999999999999432
2022-12-12,3.3599999999999994,3.260000000000005,96.64,96.74,-9.999999999999432
2022-12-13,3.4099999999999966,3.3349999999999937,96.59,96.665,-7.500000000000284
2022-12-14,3.5,3.450000000000003,96.5,96.55,-4.999999999999716
2022-12-15,3.3349999999999937,3.265000000000001,96.665,96.735,-6.9999999999992735
2022-12-16,3.469999999999999,3.4000000000000057,96.53,96.6,-6.999999999999318
2022-12-19,3.5849999999999937,3.515000000000001,96.415,96.485,-6.9999999999992735
2022-12-20,3.7249999999999934,3.655000000000001,96.275,96.345,-6.999999999999229
2022-12-21,3.6650000000000063,3.594999999999999,96.335,96.405,-7.000000000000739
2022-12-22,3.7150000000000034,3.640000000000001,96.285,96.36,-7.50000000000024
2022-12-23,3.75,3.680000000000007,96.25,96.32,-6.999999999999318
2022-12-27,3.75,3.680000000000007,96.25,96.32,-6.999999999999318
2022-12-28,3.765000000000001,3.7049999999999983,96.235,96.295,-6.000000000000272
2022-12-29,3.7750000000000057,3.7249999999999934,96.225,96.275,-5.000000000001226
2022-12-30,3.7750000000000057,3.7150000000000034,96.225,96.285,-6.000000000000227
2023-01-02,3.7750000000000057,3.7150000000000034,96.225,96.285,-6.000000000000227
2023-01-03,3.674999999999997,3.614999999999995,96.325,96.385,-6.000000000000227
2023-01-04,3.5,3.430000000000007,96.5,96.57,-6.999999999999318
2023-01-05,3.5849999999999937,3.510000000000005,96.415,96.49,-7.499999999998863
2023-01-06,3.4849999999999994,3.4200000000000017,96.515,96.58,-6.499999999999773
2023-01-09,3.4849999999999994,3.4350000000000023,96.515,96.565,-4.999999999999716
2023-01-10,3.5,3.4650000000000034,96.5,96.535,-3.499999999999659
2023-01-11,3.3299999999999983,3.2900000000000063,96.67,96.71,-3.999999999999204
2023-01-12,3.2900000000000063,3.260000000000005,96.71,96.74,-3.0000000000001137
2023-01-13,3.3149999999999977,3.2900000000000063,96.685,96.71,-2.4999999999991473
2023-01-16,3.3299999999999983,3.305000000000007,96.67,96.695,-2.4999999999991473
2023-01-17,3.2849999999999966,3.25,96.715,96.75,-3.499999999999659
2023-01-18,3.2450000000000045,3.194999999999993,96.755,96.805,-5.000000000001137
2023-01-19,3.265000000000001,3.219999999999999,96.735,96.78,-4.500000000000215
2023-01-20,3.2950000000000017,3.2549999999999955,96.705,96.745,-4.000000000000625
2023-01-23,3.319999999999993,3.2849999999999966,96.68,96.715,-3.499999999999659
2023-01-24,3.2750000000000057,3.2450000000000045,96.725,96.755,-3.0000000000001137
2023-01-25,3.2099999999999937,3.1899999999999977,96.79,96.81,-1.999999999999602
2023-01-26,3.265000000000001,3.2450000000000045,96.735,96.755,-1.9999999999996465
2023-01-27,3.2849999999999966,3.2549999999999955,96.715,96.745,-3.0000000000001137
2023-01-30,3.2849999999999966,3.2450000000000045,96.715,96.755,-3.999999999999204
2023-01-31,3.2750000000000057,3.2450000000000045,96.725,96.755,-3.0000000000001137
2023-02-01,3.269999999999996,3.230000000000004,96.73,96.77,-3.999999999999204
2023-02-02,2.9549999999999983,2.930000000000007,97.045,97.07,-2.4999999999991473
2023-02-03,2.9950000000000045,2.9549999999999983,97.005,97.045,-4.000000000000625
2023-02-06,3.2150000000000034,3.174999999999997,96.785,96.825,-4.000000000000625
2023-02-07,3.269999999999996,3.219999999999999,96.73,96.78,-4.999999999999716
2023-02-08,3.2549999999999955,3.2049999999999983,96.745,96.795,-4.999999999999716
2023-02-09,3.25,3.194999999999993,96.75,96.805,-5.500000000000682
2023-02-10,3.375,3.3149999999999977,96.625,96.685,-6.000000000000227
2023-02-13,3.3700000000000045,3.305000000000007,96.63,96.695,-6.499999999999773
2023-02-14,3.4150000000000063,3.3149999999999977,96.585,96.685,-10.000000000000853
2023-02-15,3.375,3.265000000000001,96.625,96.735,-10.999999999999899
2023-02-16,3.424999999999997,3.3349999999999937,96.575,96.665,-9.000000000000341
2023-02-17,3.424999999999997,3.3349999999999937,96.575,96.665,-9.000000000000341
2023-02-20,3.3599999999999994,3.280000000000001,96.64,96.72,-7.9999999999998295
2023-02-21,3.515000000000001,3.424999999999997,96.485,96.575,-9.000000000000385
2023-02-22,3.5349999999999966,3.444999999999993,96.465,96.555,-9.000000000000341
2023-02-23,3.5400000000000063,3.444999999999993,96.46,96.555,-9.500000000001307
2023-02-24,3.620000000000005,3.515000000000001,96.38,96.485,-10.500000000000398
2023-02-27,3.614999999999995,3.5,96.385,96.5,-11.499999999999488
2023-02-28,3.5799999999999983,3.4849999999999994,96.42,96.515,-9.499999999999886
2023-03-01,3.569999999999993,3.469999999999999,96.43,96.53,-9.999999999999432
2023-03-02,3.640000000000001,3.549999999999997,96.36,96.45,-9.000000000000385
2023-03-03,3.625,3.5349999999999966,96.375,96.465,-9.000000000000341
2023-03-06,3.620000000000005,3.515000000000001,96.38,96.485,-10.500000000000398
2023-03-07,3.614999999999995,3.5049999999999955,96.385,96.495,-10.999999999999943
2023-03-08,3.530000000000001,3.405000000000001,96.47,96.595,-12.5
2023-03-09,3.5999999999999943,3.489999999999995,96.4,96.51,-10.999999999999943
2023-03-10,3.444999999999993,3.3349999999999937,96.555,96.665,-10.999999999999943
2023-03-13,3.3700000000000045,3.239999999999995,96.63,96.76,-13.000000000000966
2023-03-14,3.4950000000000045,3.3499999999999943,96.505,96.65,-14.500000000001023
2023-03-15,3.394999999999996,3.2349999999999994,96.605,96.765,-15.999999999999659
2023-03-16,3.364999999999995,3.2099999999999937,96.635,96.79,-15.500000000000114
2023-03-17,3.2249999999999943,3.075000000000003,96.775,96.925,-14.999999999999147
2023-03-20,3.2450000000000045,3.0900000000000034,96.755,96.91,-15.500000000000114
2023-03-21,3.2750000000000057,3.1299999999999955,96.725,96.87,-14.500000000001023
2023-03-22,3.3799999999999955,3.230000000000004,96.62,96.77,-14.999999999999147
2023-03-23,3.219999999999999,3.0999999999999943,96.78,96.9,-12.000000000000455
2023-03-24,3.1700000000000017,3.069999999999993,96.83,96.93,-10.000000000000853
2023-03-27,3.2750000000000057,3.1650000000000063,96.725,96.835,-10.999999999999943
2023-03-28,3.3499999999999943,3.2450000000000045,96.65,96.755,-10.499999999998977
2023-03-29,3.385000000000005,3.265000000000001,96.615,96.735,-12.00000000000041
2023-03-30,3.430000000000007,3.305000000000007,96.57,96.695,-12.5
2023-03-31,3.4099999999999966,3.280000000000001,96.59,96.72,-12.999999999999545
2023-04-03,3.2750000000000057,3.155000000000001,96.725,96.845,-12.000000000000455
2023-04-04,3.319999999999993,3.219999999999999,96.68,96.78,-9.999999999999432
2023-04-05,3.3499999999999943,3.280000000000001,96.65,96.72,-6.999999999999318
2023-04-06,3.364999999999995,3.2750000000000057,96.635,96.725,-8.99999999999892
2023-04-10,3.364999999999995,3.2750000000000057,96.635,96.725,-8.99999999999892
2023-04-11,3.444999999999993,3.344999999999999,96.555,96.655,-9.999999999999432
2023-04-12,3.4599999999999937,3.3700000000000045,96.54,96.63,-8.99999999999892
2023-04-13,3.4599999999999937,3.375,96.54,96.625,-8.499999999999375
2023-04-14,3.5049999999999955,3.4150000000000063,96.495,96.585,-8.99999999999892
2023-04-17,3.5250000000000057,3.444999999999993,96.475,96.555,-8.00000000000125
2023-04-18,3.569999999999993,3.4849999999999994,96.43,96.515,-8.499999999999375
2023-04-19,3.6850000000000014,3.5849999999999937,96.315,96.415,-10.000000000000764
2023-04-20,3.614999999999995,3.519999999999996,96.385,96.48,-9.499999999999886
2023-04-21,3.61,3.510000000000005,96.39,96.49,-9.999999999999476
2023-04-24,3.640000000000001,3.5250000000000057,96.36,96.475,-11.499999999999533
2023-04-25,3.5649999999999977,3.469999999999999,96.435,96.53,-9.499999999999886
2023-04-26,3.5649999999999977,3.4749999999999943,96.435,96.525,-9.000000000000341
2023-04-27,3.644999999999996,3.5450000000000017,96.355,96.455,-9.999999999999432
2023-04-28,3.594999999999999,3.4950000000000045,96.405,96.505,-9.999999999999432
2023-05-01,3.594999999999999,3.4950000000000045,96.405,96.505,-9.999999999999432
2023-05-02,3.5450000000000017,3.444999999999993,96.455,96.555,-10.000000000000853
2023-05-03,3.569999999999993,3.480000000000004,96.43,96.52,-8.99999999999892
2023-05-04,3.5649999999999977,3.5,96.435,96.5,-6.499999999999773
2023-05-05,3.655000000000001,3.605000000000004,96.345,96.395,-4.999999999999716
2023-05-08,3.655000000000001,3.605000000000004,96.345,96.395,-4.999999999999716
2023-05-09,3.694999999999993,3.61,96.305,96.39,-8.49999999999933
2023-05-10,3.635000000000005,3.5600000000000023,96.365,96.44,-7.500000000000284
2023-05-11,3.530000000000001,3.4650000000000034,96.47,96.535,-6.499999999999773
2023-05-12,3.5900000000000034,3.530000000000001,96.41,96.47,-6.000000000000227
2023-05-15,3.620000000000005,3.5600000000000023,96.38,96.44,-6.000000000000272
2023-05-16,3.620000000000005,3.5600000000000023,96.38,96.44,-6.000000000000272
2023-05-17,3.640000000000001,3.575000000000003,96.36,96.425,-6.499999999999817
2023-05-18,3.730000000000004,3.6650000000000063,96.27,96.335,-6.499999999999773
2023-05-19,3.7900000000000063,3.7249999999999934,96.21,96.275,-6.5000000000012825
2023-05-22,3.86,3.7950000000000017,96.14,96.205,-6.499999999999817
2023-05-23,3.9650000000000034,3.885000000000005,96.035,96.115,-7.9999999999998295
2023-05-24,3.9749999999999934,3.885000000000005,96.025,96.115,-8.999999999998831
2023-05-25,4.150000000000006,4.015000000000001,95.85,95.985,-13.500000000000512
2023-05-26,4.174999999999997,4.040000000000006,95.825,95.96,-13.49999999999909
2023-05-30,4.114999999999995,3.9749999999999934,95.885,96.025,-14.000000000000146
2023-05-31,4.015000000000001,3.885000000000005,95.985,96.115,-12.999999999999545
2023-06-01,3.9599999999999937,3.8149999999999977,96.04,96.185,-14.499999999999602
2023-06-02,3.980000000000004,3.8349999999999937,96.02,96.165,-14.500000000001023
2023-06-05,4.084999999999994,3.9350000000000014,95.915,96.065,-14.999999999999236
2023-06-06,4.069999999999993,3.9200000000000017,95.93,96.08,-14.999999999999147
2023-06-07,4.090000000000003,3.9399999999999977,95.91,96.06,-15.000000000000568
2023-06-08,4.109999999999999,3.9749999999999934,95.89,96.025,-13.5000000000006
2023-06-09,4.069999999999993,3.930000000000007,95.93,96.07,-13.999999999998636
2023-06-12,4.180000000000007,4.045000000000002,95.82,95.955,-13.500000000000512
2023-06-13,4.329999999999998,4.144999999999996,95.67,95.855,-18.500000000000227
2023-06-14,4.275000000000006,4.099999999999994,95.725,95.9,-17.500000000001137
2023-06-15,4.275000000000006,4.069999999999993,95.725,95.93,-20.50000000000125
2023-06-16,4.314999999999998,4.099999999999994,95.685,95.9,-21.50000000000034
2023-06-19,4.409999999999997,4.170000000000002,95.59,95.83,-23.99999999999949
2023-06-20,4.219999999999999,3.980000000000004,95.78,96.02,-23.99999999999949
2023-06-21,4.305000000000007,4.064999999999998,95.695,95.935,-24.00000000000091
2023-06-22,4.2450000000000045,4.045000000000002,95.755,95.955,-20.000000000000284
2023-06-23,4.194999999999993,3.969999999999999,95.805,96.03,-22.49999999999943
2023-06-26,4.204999999999998,3.9599999999999937,95.795,96.04,-24.500000000000455
2023-06-27,4.340000000000003,4.049999999999997,95.66,95.95,-29.000000000000625
2023-06-28,4.269999999999996,4.030000000000001,95.73,95.97,-23.99999999999949
2023-06-29,4.290000000000006,4.030000000000001,95.71,95.97,-26.00000000000051
2023-06-30,4.340000000000003,4.064999999999998,95.66,95.935,-27.50000000000057
2023-07-03,4.435000000000002,4.144999999999996,95.565,95.855,-29.000000000000625
2023-07-04,4.435000000000002,4.135000000000005,95.565,95.865,-29.999999999999716
2023-07-05,4.519999999999996,4.209999999999994,95.48,95.79,-31.000000000000227
2023-07-06,4.635000000000005,4.329999999999998,95.365,95.67,-30.500000000000682
2023-07-07,4.614999999999995,4.355000000000004,95.385,95.645,-25.99999999999909
2023-07-10,4.6200000000000045,4.359999999999999,95.38,95.64,-26.00000000000051
2023-07-11,4.635000000000005,4.385000000000005,95.365,95.615,-25.0
2023-07-12,4.480000000000004,4.25,95.52,95.75,-23.000000000000398
2023-07-13,4.375,4.174999999999997,95.625,95.825,-20.000000000000284
2023-07-14,4.359999999999999,4.174999999999997,95.64,95.825,-18.500000000000227
2023-07-17,4.375,4.189999999999998,95.625,95.81,-18.500000000000227
2023-07-18,4.295000000000002,4.094999999999999,95.705,95.905,-20.000000000000284
2023-07-19,4.084999999999994,3.9350000000000014,95.915,96.065,-14.999999999999236
2023-07-20,4.140000000000001,3.9650000000000034,95.86,96.035,-17.499999999999716
2023-07-21,4.150000000000006,3.995000000000005,95.85,96.005,-15.50000000000007
2023-07-24,4.135000000000005,3.985,95.865,96.015,-15.000000000000524
2023-07-25,4.165000000000006,3.995000000000005,95.835,96.005,-17.000000000000128
2023-07-26,4.204999999999998,4.010000000000005,95.795,95.99,-19.499999999999318
2023-07-27,4.234999999999999,4.069999999999993,95.765,95.93,-16.500000000000625
2023-07-28,4.209999999999994,4.060000000000002,95.79,95.94,-14.999999999999147
2023-07-31,4.174999999999997,4.019999999999996,95.825,95.98,-15.500000000000114
2023-08-01,4.299999999999997,4.135000000000005,95.7,95.865,-16.499999999999204
2023-08-02,4.265000000000001,4.125,95.735,95.875,-14.000000000000057
2023-08-03,4.340000000000003,4.209999999999994,95.66,95.79,-13.000000000000966
2023-08-04,4.290000000000006,4.150000000000006,95.71,95.85,-14.000000000000057
2023-08-07,4.364999999999995,4.230000000000004,95.635,95.77,-13.49999999999909
2023-08-08,4.329999999999998,4.180000000000007,95.67,95.82,-14.999999999999147
2023-08-09,4.314999999999998,4.180000000000007,95.685,95.82,-13.49999999999909
2023-08-10,4.275000000000006,4.144999999999996,95.725,95.855,-13.000000000000966
2023-08-11,4.424999999999997,4.280000000000001,95.575,95.72,-14.499999999999602
2023-08-14,4.474999999999994,4.329999999999998,95.525,95.67,-14.499999999999602
2023-08-15,4.484999999999999,4.344999999999999,95.515,95.655,-14.000000000000057
2023-08-16,4.5,4.364999999999995,95.5,95.635,-13.500000000000512
2023-08-17,4.635000000000005,4.4950000000000045,95.365,95.505,-14.000000000000057
2023-08-18,4.625,4.474999999999994,95.375,95.525,-15.000000000000568
2023-08-21,4.670000000000002,4.510000000000005,95.33,95.49,-15.999999999999659
2023-08-22,4.625,4.459999999999994,95.375,95.54,-16.500000000000625
2023-08-23,4.409999999999997,4.275000000000006,95.59,95.725,-13.49999999999909
2023-08-24,4.364999999999995,4.215000000000003,95.635,95.785,-14.999999999999147
2023-08-25,4.424999999999997,4.260000000000005,95.575,95.74,-16.499999999999204
2023-08-29,4.364999999999995,4.219999999999999,95.635,95.78,-14.499999999999602
2023-08-30,4.329999999999998,4.194999999999993,95.67,95.805,-13.500000000000512
2023-08-31,4.265000000000001,4.135000000000005,95.735,95.865,-12.999999999999545
2023-09-01,4.299999999999997,4.170000000000002,95.7,95.83,-12.999999999999545
2023-09-04,4.3700000000000045,4.239999999999995,95.63,95.76,-13.000000000000966
2023-09-05,4.405000000000001,4.265000000000001,95.595,95.735,-14.000000000000057
2023-09-06,4.474999999999994,4.329999999999998,95.525,95.67,-14.499999999999602
2023-09-07,4.390000000000001,4.269999999999996,95.61,95.73,-12.000000000000455
2023-09-08,4.314999999999998,4.209999999999994,95.685,95.79,-10.500000000000398
2023-09-11,4.359999999999999,4.254999999999996,95.64,95.745,-10.500000000000309
2023-09-12,4.295000000000002,4.204999999999998,95.705,95.795,-9.000000000000341
2023-09-13,4.194999999999993,4.105000000000004,95.805,95.895,-8.99999999999892
2023-09-14,4.069999999999993,4.0,95.93,96.0,-6.999999999999318
2023-09-15,4.125,4.049999999999997,95.875,95.95,-7.500000000000284
2023-09-18,4.219999999999999,4.144999999999996,95.78,95.855,-7.500000000000284
2023-09-19,4.170000000000002,4.090000000000003,95.83,95.91,-7.9999999999998295
2023-09-20,4.0,3.9399999999999977,96.0,96.06,-6.000000000000227
2023-09-21,4.034999999999997,3.9749999999999934,95.965,96.025,-6.000000000000316
2023-09-22,4.0,3.9399999999999977,96.0,96.06,-6.000000000000227
2023-09-25,4.075000000000003,4.015000000000001,95.925,95.985,-6.000000000000227
2023-09-26,4.049999999999997,3.995000000000005,95.95,96.005,-5.499999999999217
2023-09-27,4.129999999999996,4.060000000000002,95.87,95.94,-6.999999999999407
2023-09-28,4.355000000000004,4.284999999999997,95.645,95.715,-7.000000000000739
2023-09-29,4.185000000000002,4.125,95.815,95.875,-6.000000000000227
2023-10-02,4.314999999999998,4.25,95.685,95.75,-6.499999999999773
2023-10-03,4.334999999999994,4.269999999999996,95.665,95.73,-6.499999999999773
2023-10-04,4.385000000000005,4.325000000000003,95.615,95.675,-6.000000000000227
2023-10-05,4.305000000000007,4.25,95.695,95.75,-5.500000000000682
2023-10-06,4.340000000000003,4.290000000000006,95.66,95.71,-4.999999999999716
2023-10-09,4.25,4.194999999999993,95.75,95.805,-5.500000000000682
2023-10-10,4.194999999999993,4.140000000000001,95.805,95.86,-5.499999999999261
2023-10-11,4.105000000000004,4.030000000000001,95.895,95.97,-7.500000000000284
2023-10-12,4.194999999999993,4.1200000000000045,95.805,95.88,-7.499999999998863
2023-10-13,4.159999999999997,4.079999999999998,95.84,95.92,-7.9999999999998295
2023-10-16,4.234999999999999,4.159999999999997,95.765,95.84,-7.500000000000284
2023-10-17,4.280000000000001,4.219999999999999,95.72,95.78,-6.000000000000227
2023-10-18,4.459999999999994,4.385000000000005,95.54,95.615,-7.499999999998863
2023-10-19,4.510000000000005,4.435000000000002,95.49,95.565,-7.500000000000284
2023-10-20,4.435000000000002,4.390000000000001,95.565,95.61,-4.5000000000001705
2023-10-23,4.400000000000006,4.355000000000004,95.6,95.645,-4.5000000000001705
2023-10-24,4.299999999999997,4.269999999999996,95.7,95.73,-3.0000000000001137
2023-10-25,4.334999999999994,4.305000000000007,95.665,95.695,-2.9999999999986926
2023-10-26,4.284999999999997,4.269999999999996,95.715,95.73,-1.5000000000000568
2023-10-27,4.219999999999999,4.204999999999998,95.78,95.795,-1.5000000000000568
2023-10-30,4.25,4.2450000000000045,95.75,95.755,-0.49999999999954525
2023-10-31,4.209999999999994,4.200000000000003,95.79,95.8,-0.9999999999990905
2023-11-01,4.155000000000001,4.140000000000001,95.845,95.86,-1.5000000000000568
2023-11-02,4.025000000000006,4.015000000000001,95.975,95.985,-1.0000000000005116
2023-11-03,3.9150000000000063,3.9000000000000057,96.085,96.1,-1.5000000000000568
2023-11-06,3.989999999999995,3.9749999999999934,96.01,96.025,-1.5000000000001457
2023-11-07,3.9150000000000063,3.890000000000001,96.085,96.11,-2.500000000000524
2023-11-08,3.905000000000001,3.875,96.095,96.125,-3.0000000000001137
2023-11-09,3.905000000000001,3.879999999999996,96.095,96.12,-2.500000000000524
2023-11-10,3.985,3.9549999999999983,96.015,96.045,-3.000000000000158
2023-11-13,4.015000000000001,3.9749999999999934,95.985,96.025,-4.000000000000714
2023-11-14,3.819999999999993,3.780000000000001,96.18,96.22,-3.999999999999204
2023-11-15,3.864999999999995,3.8349999999999937,96.135,96.165,-3.0000000000001137
2023-11-16,3.769999999999996,3.735,96.23,96.265,-3.4999999999996145
2023-11-17,3.765000000000001,3.730000000000004,96.235,96.27,-3.4999999999997033
2023-11-20,3.765000000000001,3.719999999999999,96.235,96.28,-4.500000000000215
2023-11-21,3.754999999999996,3.7049999999999983,96.245,96.295,-4.99999999999976
2023-11-22,3.8499999999999934,3.7900000000000063,96.15,96.21,-5.9999999999987175
2023-11-23,3.9350000000000014,3.86,96.065,96.14,-7.500000000000151
2023-11-24,3.985,3.9150000000000063,96.015,96.085,-6.999999999999362
2023-11-27,3.890000000000001,3.825000000000003,96.11,96.175,-6.499999999999817
2023-11-28,3.8100000000000014,3.745000000000005,96.19,96.255,-6.499999999999639
2023-11-29,3.694999999999993,3.644999999999996,96.305,96.355,-4.999999999999716
2023-11-30,3.7900000000000063,3.75,96.21,96.25,-4.000000000000625
2023-12-01,3.730000000000004,3.7150000000000034,96.27,96.285,-1.5000000000000568
2023-12-04,3.799999999999997,3.7849999999999966,96.2,96.215,-1.5000000000000568
2023-12-05,3.6700000000000017,3.644999999999996,96.33,96.355,-2.5000000000005684
2023-12-06,3.620000000000005,3.5900000000000034,96.38,96.41,-3.000000000000158
2023-12-07,3.605000000000004,3.5649999999999977,96.395,96.435,-4.000000000000625
2023-12-08,3.644999999999996,3.5999999999999943,96.355,96.4,-4.5000000000001705
2023-12-11,3.7249999999999934,3.6850000000000014,96.275,96.315,-3.999999999999204
2023-12-12,3.5900000000000034,3.5649999999999977,96.41,96.435,-2.5000000000005684
2023-12-13,3.4350000000000023,3.4200000000000017,96.565,96.58,-1.5000000000000568
2023-12-14,3.325000000000003,3.319999999999993,96.675,96.68,-0.5000000000009663
2023-12-15,3.2549999999999955,3.2450000000000045,96.745,96.755,-0.9999999999990905
2023-12-18,3.230000000000004,3.2150000000000034,96.77,96.785,-1.5000000000000568
2023-12-19,3.114999999999995,3.0900000000000034,96.885,96.91,-2.4999999999991473
2023-12-20,3.0349999999999966,3.030000000000001,96.965,96.97,-0.49999999999954525
2023-12-21,2.9749999999999943,2.9849999999999994,97.025,97.015,1.0000000000005116
2023-12-22,2.950000000000003,2.9650000000000034,97.05,97.035,1.5000000000000568
2023-12-27,2.905000000000001,2.924999999999997,97.095,97.075,1.999999999999602
2023-12-28,2.9200000000000017,2.9350000000000023,97.08,97.065,1.5000000000000568
2023-12-29,2.969999999999999,2.980000000000004,97.03,97.02,1.0000000000005116
2024-01-02,3.0250000000000057,3.0400000000000063,96.975,96.96,1.5000000000000568
2024-01-03,3.0600000000000023,3.0799999999999983,96.94,96.92,1.999999999999602
2024-01-04,3.140000000000001,3.155000000000001,96.86,96.845,1.5000000000000124
2024-01-05,3.2150000000000034,3.2349999999999994,96.785,96.765,1.999999999999602
2024-01-08,3.2249999999999943,3.2450000000000045,96.775,96.755,2.000000000001023
2024-01-09,3.230000000000004,3.25,96.77,96.75,1.999999999999602
2024-01-10,3.2450000000000045,3.260000000000005,96.755,96.74,1.5000000000000568
2024-01-11,3.2849999999999966,3.2950000000000017,96.715,96.705,1.0000000000005116
2024-01-12,3.2049999999999983,3.230000000000004,96.795,96.77,2.5000000000005684
2024-01-15,3.1899999999999977,3.2150000000000034,96.81,96.785,2.5000000000005684
2024-01-16,3.1850000000000023,3.219999999999999,96.815,96.78,3.499999999999659
2024-01-17,3.394999999999996,3.394999999999996,96.605,96.605,0.0
2024-01-18,3.3499999999999943,3.3599999999999994,96.65,96.64,1.0000000000005116
2024-01-19,3.3799999999999955,3.3799999999999955,96.62,96.62,0.0
2024-01-22,3.364999999999995,3.3599999999999994,96.635,96.64,-0.49999999999954525
2024-01-23,3.4650000000000034,3.4650000000000034,96.535,96.535,0.0
2024-01-24,3.515000000000001,3.510000000000005,96.485,96.49,-0.49999999999958966
2024-01-25,3.480000000000004,3.489999999999995,96.52,96.51,0.9999999999990905
2024-01-26,3.4599999999999937,3.4749999999999943,96.54,96.525,1.5000000000000568
2024-01-29,3.3799999999999955,3.394999999999996,96.62,96.605,1.5000000000000568
2024-01-30,3.424999999999997,3.4350000000000023,96.575,96.565,1.0000000000005116
2024-01-31,3.2900000000000063,3.299999999999997,96.71,96.7,0.9999999999990905
2024-02-01,3.200000000000003,3.219999999999999,96.8,96.78,1.999999999999602
2024-02-02,3.4200000000000017,3.424999999999997,96.58,96.575,0.49999999999954525
2024-02-05,3.555000000000007,3.549999999999997,96.445,96.45,-0.5000000000009663
2024-02-06,3.469999999999999,3.4599999999999937,96.53,96.54,-1.0000000000005116
2024-02-07,3.4849999999999994,3.480000000000004,96.515,96.52,-0.49999999999954525
2024-02-08,3.5799999999999983,3.5600000000000023,96.42,96.44,-1.999999999999602
2024-02-09,3.6650000000000063,3.629999999999996,96.335,96.37,-3.5000000000010356
2024-02-12,3.620000000000005,3.5900000000000034,96.38,96.41,-3.000000000000158
2024-02-13,3.7150000000000034,3.6650000000000063,96.285,96.335,-4.999999999999716
2024-02-14,3.5900000000000034,3.5649999999999977,96.41,96.435,-2.5000000000005684
2024-02-15,3.569999999999993,3.5450000000000017,96.43,96.455,-2.4999999999991473
2024-02-16,3.640000000000001,3.605000000000004,96.36,96.395,-3.4999999999997033
2024-02-19,3.674999999999997,3.635000000000005,96.325,96.365,-3.999999999999204
2024-02-20,3.61,3.569999999999993,96.39,96.43,-4.00000000000067
2024-02-21,3.694999999999993,3.6500000000000057,96.305,96.35,-4.4999999999987494
2024-02-22,3.7150000000000034,3.6599999999999966,96.285,96.34,-5.500000000000682
2024-02-23,3.6850000000000014,3.629999999999996,96.315,96.37,-5.500000000000549
2024-02-26,3.730000000000004,3.6700000000000017,96.27,96.33,-6.000000000000227
2024-02-27,3.760000000000005,3.7049999999999983,96.24,96.295,-5.500000000000682
2024-02-28,3.7750000000000057,3.7150000000000034,96.225,96.285,-6.000000000000227
2024-02-29,3.7099999999999937,3.6500000000000057,96.29,96.35,-5.999999999998806
2024-03-01,3.674999999999997,3.61,96.325,96.39,-6.499999999999728
2024-03-04,3.719999999999999,3.655000000000001,96.28,96.345,-6.499999999999773
2024-03-05,3.61,3.5400000000000063,96.39,96.46,-6.999999999999362
2024-03-06,3.5799999999999983,3.510000000000005,96.42,96.49,-6.999999999999318
2024-03-07,3.5900000000000034,3.519999999999996,96.41,96.48,-7.000000000000739
2024-03-08,3.5450000000000017,3.4849999999999994,96.455,96.515,-6.000000000000227
2024-03-11,3.5049999999999955,3.450000000000003,96.495,96.55,-5.499999999999261
2024-03-12,3.4749999999999943,3.430000000000007,96.525,96.57,-4.4999999999987494
2024-03-13,3.555000000000007,3.5,96.445,96.5,-5.500000000000682
2024-03-14,3.635000000000005,3.575000000000003,96.365,96.425,-6.000000000000227
2024-03-15,3.6700000000000017,3.605000000000004,96.33,96.395,-6.499999999999773
2024-03-18,3.680000000000007,3.61,96.32,96.39,-7.0000000000006946
2024-03-19,3.629999999999996,3.569999999999993,96.37,96.43,-6.000000000000272
2024-03-20,3.5900000000000034,3.530000000000001,96.41,96.47,-6.000000000000227
2024-03-21,3.5349999999999966,3.480000000000004,96.465,96.52,-5.499999999999261
2024-03-22,3.480000000000004,3.424999999999997,96.52,96.575,-5.500000000000682
2024-03-25,3.5349999999999966,3.480000000000004,96.465,96.52,-5.499999999999261
2024-03-26,3.530000000000001,3.4650000000000034,96.47,96.535,-6.499999999999773
2024-03-27,3.4849999999999994,3.430000000000007,96.515,96.57,-5.499999999999261
2024-03-28,3.4549999999999983,3.4000000000000057,96.545,96.6,-5.499999999999261
2024-04-02,3.5799999999999983,3.5400000000000063,96.42,96.46,-3.999999999999204
2024-04-03,3.575000000000003,3.5349999999999966,96.425,96.465,-4.000000000000625
2024-04-04,3.5250000000000057,3.4849999999999994,96.475,96.515,-4.000000000000625
2024-04-05,3.5849999999999937,3.5450000000000017,96.415,96.455,-3.999999999999204
2024-04-08,3.625,3.575000000000003,96.375,96.425,-4.999999999999716
2024-04-09,3.5600000000000023,3.5,96.44,96.5,-6.000000000000227
2024-04-10,3.6899999999999977,3.614999999999995,96.31,96.385,-7.500000000000284
2024-04-11,3.7950000000000017,3.7049999999999983,96.205,96.295,-9.000000000000341
2024-04-12,3.7099999999999937,3.620000000000005,96.29,96.38,-8.999999999998876
2024-04-15,3.8149999999999977,3.730000000000004,96.185,96.27,-8.499999999999375
2024-04-16,3.9000000000000057,3.799999999999997,96.1,96.2,-10.000000000000853
2024-04-17,3.905000000000001,3.7900000000000063,96.095,96.21,-11.499999999999488
2024-04-18,3.890000000000001,3.7750000000000057,96.11,96.225,-11.499999999999533
2024-04-19,3.864999999999995,3.760000000000005,96.135,96.24,-10.499999999998977
2024-04-22,3.8149999999999977,3.719999999999999,96.185,96.28,-9.499999999999886
2024-04-23,3.855000000000004,3.754999999999996,96.145,96.245,-10.000000000000808
2024-04-24,3.930000000000007,3.8349999999999937,96.07,96.165,-9.500000000001307
2024-04-25,3.9749999999999934,3.870000000000005,96.025,96.13,-10.499999999998844
2024-04-26,3.944999999999993,3.8400000000000034,96.055,96.16,-10.499999999998977
2024-04-29,3.9099999999999966,3.805000000000007,96.09,96.195,-10.499999999998977
2024-04-30,3.995000000000005,3.885000000000005,96.005,96.115,-10.999999999999988
2024-05-01,4.010000000000005,3.894999999999996,95.99,96.105,-11.50000000000091
2024-05-02,3.9000000000000057,3.7950000000000017,96.1,96.205,-10.500000000000398
2024-05-03,3.819999999999993,3.719999999999999,96.18,96.28,-9.999999999999432
2024-05-07,3.7099999999999937,3.61,96.29,96.39,-9.999999999999387
2024-05-08,3.7150000000000034,3.605000000000004,96.285,96.395,-10.999999999999943
2024-05-09,3.6850000000000014,3.5900000000000034,96.315,96.41,-9.499999999999797
2024-05-10,3.7049999999999983,3.605000000000004,96.295,96.395,-9.999999999999432
2024-05-13,3.719999999999999,3.625,96.28,96.375,-9.499999999999886
2024-05-14,3.719999999999999,3.625,96.28,96.375,-9.499999999999886
2024-05-15,3.620000000000005,3.5250000000000057,96.38,96.475,-9.49999999999993
2024-05-16,3.620000000000005,3.5250000000000057,96.38,96.475,-9.49999999999993
2024-05-17,3.6850000000000014,3.5900000000000034,96.315,96.41,-9.499999999999797
2024-05-20,3.739999999999995,3.640000000000001,96.26,96.36,-9.999999999999387
2024-05-21,3.7099999999999937,3.61,96.29,96.39,-9.999999999999387
2024-05-22,3.805000000000007,3.6850000000000014,96.195,96.315,-12.000000000000544
2024-05-23,3.844999999999999,3.7099999999999937,96.155,96.29,-13.500000000000512
2024-05-24,3.8400000000000034,3.694999999999993,96.16,96.305,-14.500000000001023
2024-05-28,3.8499999999999934,3.7150000000000034,96.15,96.285,-13.499999999999002
2024-05-29,3.969999999999999,3.844999999999999,96.03,96.155,-12.5
2024-05-30,3.9549999999999983,3.8299999999999983,96.045,96.17,-12.5
2024-05-31,3.894999999999996,3.7750000000000057,96.105,96.225,-11.999999999999034
2024-06-03,3.825000000000003,3.7049999999999983,96.175,96.295,-12.000000000000455
2024-06-04,3.7750000000000057,3.655000000000001,96.225,96.345,-12.000000000000455
2024-06-05,3.780000000000001,3.655000000000001,96.22,96.345,-12.5
2024-06-06,3.754999999999996,3.635000000000005,96.245,96.365,-11.999999999999078
2024-06-07,3.855000000000004,3.730000000000004,96.145,96.27,-12.5
2024-06-10,3.930000000000007,3.8100000000000014,96.07,96.19,-12.000000000000544
2024-06-11,3.875,3.754999999999996,96.125,96.245,-12.00000000000041
2024-06-12,3.719999999999999,3.61,96.28,96.39,-10.999999999999899
2024-06-13,3.7049999999999983,3.605000000000004,96.295,96.395,-9.999999999999432
2024-06-14,3.594999999999999,3.4950000000000045,96.405,96.505,-9.999999999999432
2024-06-17,3.635000000000005,3.5450000000000017,96.365,96.455,-9.000000000000341
2024-06-18,3.575000000000003,3.480000000000004,96.425,96.52,-9.499999999999886
2024-06-19,3.5799999999999983,3.489999999999995,96.42,96.51,-9.000000000000341
2024-06-20,3.5600000000000023,3.469999999999999,96.44,96.53,-9.000000000000341
2024-06-21,3.5799999999999983,3.489999999999995,96.42,96.51,-9.000000000000341
2024-06-24,3.605000000000004,3.515000000000001,96.395,96.485,-9.000000000000297
2024-06-25,3.605000000000004,3.510000000000005,96.395,96.49,-9.499999999999886
2024-06-26,3.6850000000000014,3.5849999999999937,96.315,96.415,-10.000000000000764
2024-06-27,3.6899999999999977,3.5900000000000034,96.31,96.41,-9.999999999999432
2024-06-28,3.7099999999999937,3.61,96.29,96.39,-9.999999999999387
2024-07-01,3.7849999999999966,3.694999999999993,96.215,96.305,-9.000000000000341
2024-07-02,3.760000000000005,3.6700000000000017,96.24,96.33,-9.000000000000341
2024-07-03,3.694999999999993,3.605000000000004,96.305,96.395,-8.99999999999892
2024-07-04,3.735,3.644999999999996,96.265,96.355,-9.000000000000385
2024-07-05,3.6599999999999966,3.569999999999993,96.34,96.43,-9.000000000000341
2024-07-08,3.6500000000000057,3.5600000000000023,96.35,96.44,-9.000000000000341
2024-07-09,3.700000000000003,3.61,96.3,96.39,-9.000000000000297
2024-07-10,3.655000000000001,3.575000000000003,96.345,96.425,-7.9999999999998295
2024-07-11,3.5799999999999983,3.5049999999999955,96.42,96.495,-7.500000000000284
2024-07-12,3.620000000000005,3.5450000000000017,96.38,96.455,-7.500000000000329
2024-07-15,3.594999999999999,3.530000000000001,96.405,96.47,-6.499999999999773
2024-07-16,3.575000000000003,3.510000000000005,96.425,96.49,-6.499999999999773
2024-07-17,3.605000000000004,3.5400000000000063,96.395,96.46,-6.499999999999773
2024-07-18,3.555000000000007,3.489999999999995,96.445,96.51,-6.500000000001194
2024-07-19,3.61,3.555000000000007,96.39,96.445,-5.4999999999993054
2024-07-22,3.655000000000001,3.575000000000003,96.345,96.425,-7.9999999999998295
2024-07-23,3.6599999999999966,3.594999999999999,96.34,96.405,-6.499999999999773
2024-07-24,3.640000000000001,3.5799999999999983,96.36,96.42,-6.000000000000272
2024-07-25,3.620000000000005,3.5649999999999977,96.38,96.435,-5.5000000000007265
2024-07-26,3.5849999999999937,3.519999999999996,96.415,96.48,-6.499999999999773
2024-07-29,3.555000000000007,3.489999999999995,96.445,96.51,-6.500000000001194
2024-07-30,3.5400000000000063,3.489999999999995,96.46,96.51,-5.000000000001137
2024-07-31,3.4849999999999994,3.424999999999997,96.515,96.575,-6.000000000000227
2024-08-01,3.355000000000004,3.3149999999999977,96.645,96.685,-4.000000000000625
2024-08-02,3.3149999999999977,3.2750000000000057,96.685,96.725,-3.999999999999204
2024-08-05,3.3400000000000034,3.2849999999999966,96.66,96.715,-5.500000000000682
2024-08-06,3.405000000000001,3.3499999999999943,96.595,96.65,-5.500000000000682
2024-08-07,3.444999999999993,3.405000000000001,96.555,96.595,-3.999999999999204
2024-08-08,3.4549999999999983,3.4099999999999966,96.545,96.59,-4.5000000000001705
2024-08-09,3.4200000000000017,3.3799999999999955,96.58,96.62,-4.000000000000625
2024-08-12,3.4350000000000023,3.390000000000001,96.565,96.61,-4.500000000000126
2024-08-13,3.375,3.3349999999999937,96.625,96.665,-4.000000000000625
2024-08-14,3.319999999999993,3.280000000000001,96.68,96.72,-3.999999999999204
2024-08-15,3.444999999999993,3.390000000000001,96.555,96.61,-5.499999999999217
2024-08-16,3.450000000000003,3.394999999999996,96.55,96.605,-5.500000000000682
2024-08-19,3.4849999999999994,3.430000000000007,96.515,96.57,-5.499999999999261
2024-08-20,3.4650000000000034,3.4099999999999966,96.535,96.59,-5.500000000000682
2024-08-21,3.4549999999999983,3.4000000000000057,96.545,96.6,-5.499999999999261
2024-08-22,3.515000000000001,3.469999999999999,96.485,96.53,-4.500000000000215
2024-08-23,3.4749999999999943,3.4399999999999977,96.525,96.56,-3.499999999999659
2024-08-27,3.5400000000000063,3.5049999999999955,96.46,96.495,-3.50000000000108
2024-08-28,3.5450000000000017,3.510000000000005,96.455,96.49,-3.499999999999659
2024-08-29,3.5450000000000017,3.515000000000001,96.455,96.485,-3.0000000000000693
2024-08-30,3.530000000000001,3.489999999999995,96.47,96.51,-4.000000000000625
2024-09-02,3.5600000000000023,3.519999999999996,96.44,96.48,-4.000000000000625
2024-09-03,3.4950000000000045,3.4549999999999983,96.505,96.545,-4.000000000000625
2024-09-04,3.4350000000000023,3.4099999999999966,96.565,96.59,-2.5000000000005684
2024-09-05,3.424999999999997,3.4000000000000057,96.575,96.6,-2.4999999999991473
2024-09-06,3.3799999999999955,3.355000000000004,96.62,96.645,-2.4999999999991473
2024-09-09,3.325000000000003,3.325000000000003,96.675,96.675,0.0
2024-09-10,3.280000000000001,3.2750000000000057,96.72,96.725,-0.49999999999954525
2024-09-11,3.174999999999997,3.174999999999997,96.825,96.825,0.0
2024-09-12,3.2099999999999937,3.200000000000003,96.79,96.8,-0.9999999999990905
2024-09-13,3.200000000000003,3.200000000000003,96.8,96.8,0.0
2024-09-16,3.1850000000000023,3.1899999999999977,96.815,96.81,0.49999999999954525
2024-09-17,3.219999999999999,3.2099999999999937,96.78,96.79,-1.0000000000005116
2024-09-18,3.299999999999997,3.2849999999999966,96.7,96.715,-1.5000000000000568
2024-09-19,3.3349999999999937,3.3349999999999937,96.665,96.665,0.0
2024-09-20,3.3599999999999994,3.3599999999999994,96.64,96.64,0.0
2024-09-23,3.364999999999995,3.3700000000000045,96.635,96.63,0.5000000000009663
2024-09-24,3.375,3.390000000000001,96.625,96.61,1.5000000000001013
2024-09-25,3.4150000000000063,3.4399999999999977,96.585,96.56,2.4999999999991473
2024-09-26,3.424999999999997,3.444999999999993,96.575,96.555,1.999999999999602
2024-09-27,3.405000000000001,3.424999999999997,96.595,96.575,1.999999999999602
2024-09-30,3.430000000000007,3.4350000000000023,96.57,96.565,0.49999999999954525
2024-10-01,3.375,3.375,96.625,96.625,0.0
2024-10-02,3.469999999999999,3.4749999999999943,96.53,96.525,0.49999999999954525
2024-10-03,3.4350000000000023,3.444999999999993,96.565,96.555,0.9999999999990905
2024-10-04,3.640000000000001,3.614999999999995,96.36,96.385,-2.500000000000613
2024-10-07,3.7249999999999934,3.694999999999993,96.275,96.305,-3.000000000000025
2024-10-08,3.7049999999999983,3.674999999999997,96.295,96.325,-3.0000000000001137
2024-10-09,3.694999999999993,3.6650000000000063,96.305,96.335,-2.9999999999986926
2024-10-10,3.7249999999999934,3.7049999999999983,96.275,96.295,-1.9999999999995133
2024-10-11,3.694999999999993,3.6850000000000014,96.305,96.315,-0.9999999999991793
2024-10-14,3.7150000000000034,3.7099999999999937,96.285,96.29,-0.5000000000009663
2024-10-15,3.655000000000001,3.644999999999996,96.345,96.355,-1.0000000000005116
2024-10-16,3.530000000000001,3.5349999999999966,96.47,96.465,0.49999999999954525
2024-10-17,3.5649999999999977,3.575000000000003,96.435,96.425,1.0000000000005116
2024-10-18,3.5049999999999955,3.510000000000005,96.495,96.49,0.5000000000009663
2024-10-21,3.549999999999997,3.5600000000000023,96.45,96.44,1.0000000000005116
2024-10-22,3.594999999999999,3.605000000000004,96.405,96.395,1.0000000000005116
2024-10-23,3.6700000000000017,3.680000000000007,96.33,96.32,1.0000000000005116
2024-10-24,3.680000000000007,3.680000000000007,96.32,96.32,0.0
2024-10-25,3.719999999999999,3.719999999999999,96.28,96.28,0.0
2024-10-28,3.765000000000001,3.765000000000001,96.235,96.235,0.0
2024-10-29,3.8149999999999977,3.8100000000000014,96.185,96.19,-0.49999999999963407
2024-10-30,3.870000000000005,3.825000000000003,96.13,96.175,-4.500000000000215
2024-10-31,4.010000000000005,3.9350000000000014,95.99,96.065,-7.500000000000373
2024-11-01,3.9650000000000034,3.905000000000001,96.035,96.095,-6.000000000000227
2024-11-04,3.9650000000000034,3.890000000000001,96.035,96.11,-7.50000000000024
2024-11-05,4.079999999999998,3.995000000000005,95.92,96.005,-8.49999999999933
2024-11-06,4.094999999999999,4.025000000000006,95.905,95.975,-6.999999999999318
2024-11-07,3.985,3.9150000000000063,96.015,96.085,-6.999999999999362
2024-11-08,3.950000000000003,3.875,96.05,96.125,-7.500000000000284
2024-11-11,3.944999999999993,3.870000000000005,96.055,96.13,-7.499999999998819
2024-11-12,4.019999999999996,3.950000000000003,95.98,96.05,-6.999999999999318
2024-11-13,4.069999999999993,3.995000000000005,95.93,96.005,-7.499999999998819
2024-11-14,3.995000000000005,3.9350000000000014,96.005,96.065,-6.000000000000361
2024-11-15,3.9549999999999983,3.890000000000001,96.045,96.11,-6.499999999999728
2024-11-18,3.9549999999999983,3.885000000000005,96.045,96.115,-6.999999999999318
2024-11-19,3.9399999999999977,3.86,96.06,96.14,-7.999999999999785
2024-11-20,3.9399999999999977,3.870000000000005,96.06,96.13,-6.9999999999992735
2024-11-21,3.894999999999996,3.8299999999999983,96.105,96.17,-6.499999999999773
2024-11-22,3.8499999999999934,3.7900000000000063,96.15,96.21,-5.9999999999987175
2024-11-25,3.8100000000000014,3.735,96.19,96.265,-7.500000000000151
2024-11-26,3.844999999999999,3.765000000000001,96.155,96.235,-7.999999999999785
2024-11-27,3.8299999999999983,3.739999999999995,96.17,96.26,-9.000000000000341
2024-11-28,3.7750000000000057,3.6850000000000014,96.225,96.315,-9.00000000000043
2024-11-29,3.719999999999999,3.640000000000001,96.28,96.36,-7.999999999999785
2024-12-02,3.7099999999999937,3.625,96.29,96.375,-8.499999999999375
2024-12-03,3.700000000000003,3.629999999999996,96.3,96.37,-7.0000000000006946
2024-12-04,3.7150000000000034,3.640000000000001,96.285,96.36,-7.50000000000024
2024-12-05,3.760000000000005,3.6700000000000017,96.24,96.33,-9.000000000000341
2024-12-06,3.739999999999995,3.655000000000001,96.26,96.345,-8.499999999999375
2024-12-09,3.680000000000007,3.605000000000004,96.32,96.395,-7.500000000000284
2024-12-10,3.739999999999995,3.6650000000000063,96.26,96.335,-7.499999999998863
2024-12-11,3.700000000000003,3.625,96.3,96.375,-7.500000000000284
2024-12-12,3.735,3.6599999999999966,96.265,96.34,-7.500000000000329
2024-12-13,3.805000000000007,3.745000000000005,96.195,96.255,-6.000000000000183
2024-12-16,3.864999999999995,3.7950000000000017,96.135,96.205,-6.999999999999318
2024-12-17,3.980000000000004,3.890000000000001,96.02,96.11,-9.000000000000297
2024-12-18,4.010000000000005,3.930000000000007,95.99,96.07,-7.9999999999998295
2024-12-19,3.989999999999995,3.930000000000007,96.01,96.07,-5.999999999998806
2024-12-20,3.879999999999996,3.8149999999999977,96.12,96.185,-6.499999999999817
2024-12-23,3.930000000000007,3.870000000000005,96.07,96.13,-6.000000000000183
2024-12-24,4.0,3.9350000000000014,96.0,96.065,-6.4999999999998614
2024-12-27,4.004999999999996,3.944999999999993,95.995,96.055,-6.000000000000316
2024-12-30,3.985,3.9200000000000017,96.015,96.08,-6.499999999999817
2024-12-31,3.9350000000000014,3.870000000000005,96.065,96.13,-6.499999999999639
2025-01-02,3.9599999999999937,3.9000000000000057,96.04,96.1,-5.999999999998806
2025-01-03,3.989999999999995,3.930000000000007,96.01,96.07,-5.999999999998806
2025-01-06,4.015000000000001,3.950000000000003,95.985,96.05,-6.499999999999773
2025-01-07,4.064999999999998,4.004999999999996,95.935,95.995,-6.0000000000001386
2025-01-08,4.150000000000006,4.105000000000004,95.85,95.895,-4.5000000000001705
2025-01-09,4.125,4.090000000000003,95.875,95.91,-3.499999999999659
2025-01-10,4.189999999999998,4.144999999999996,95.81,95.855,-4.5000000000001705
2025-01-13,4.254999999999996,4.204999999999998,95.745,95.795,-4.999999999999805
2025-01-14,4.280000000000001,4.219999999999999,95.72,95.78,-6.000000000000227
2025-01-15,4.125,4.069999999999993,95.875,95.93,-5.500000000000682
2025-01-16,4.049999999999997,4.004999999999996,95.95,95.995,-4.500000000000082
2025-01-17,4.015000000000001,3.969999999999999,95.985,96.03,-4.5000000000001705
2025-01-20,4.049999999999997,3.995000000000005,95.95,96.005,-5.499999999999217
2025-01-21,3.985,3.930000000000007,96.015,96.07,-5.4999999999993054
2025-01-22,3.995000000000005,3.9399999999999977,96.005,96.06,-5.5000000000007265
2025-01-23,3.989999999999995,3.950000000000003,96.01,96.05,-3.999999999999204
2025-01-24,3.989999999999995,3.950000000000003,96.01,96.05,-3.999999999999204
2025-01-27,3.9200000000000017,3.885000000000005,96.08,96.115,-3.499999999999659
2025-01-28,3.944999999999993,3.9099999999999966,96.055,96.09,-3.499999999999659
2025-01-29,3.9399999999999977,3.9099999999999966,96.06,96.09,-3.0000000000001137
2025-01-30,3.890000000000001,3.86,96.11,96.14,-3.0000000000001137
2025-01-31,3.8299999999999983,3.799999999999997,96.17,96.2,-3.0000000000001137
2025-02-03,3.760000000000005,3.735,96.24,96.265,-2.500000000000524
2025-02-04,3.7950000000000017,3.780000000000001,96.205,96.22,-1.5000000000000568
2025-02-05,3.7249999999999934,3.694999999999993,96.275,96.305,-3.000000000000025
2025-02-06,3.765000000000001,3.75,96.235,96.25,-1.5000000000001013
2025-02-07,3.8100000000000014,3.7849999999999966,96.19,96.215,-2.5000000000004796
2025-02-10,3.760000000000005,3.745000000000005,96.24,96.255,-1.5000000000000124
2025-02-11,3.825000000000003,3.8100000000000014,96.175,96.19,-1.5000000000001457
2025-02-12,3.864999999999995,3.86,96.135,96.14,-0.49999999999950084
2025-02-13,3.825000000000003,3.819999999999993,96.175,96.18,-0.5000000000009663
2025-02-14,3.86,3.855000000000004,96.14,96.145,-0.49999999999958966
2025-02-17,3.864999999999995,3.86,96.135,96.14,-0.49999999999950084
2025-02-18,3.894999999999996,3.890000000000001,96.105,96.11,-0.49999999999950084
2025-02-19,3.944999999999993,3.9350000000000014,96.055,96.065,-0.9999999999991793
2025-02-20,3.9549999999999983,3.9549999999999983,96.045,96.045,0.0
2025-02-21,3.9200000000000017,3.9099999999999966,96.08,96.09,-1.0000000000005116
2025-02-24,3.9000000000000057,3.890000000000001,96.1,96.11,-1.0000000000004672
2025-02-25,3.8299999999999983,3.819999999999993,96.17,96.18,-1.0000000000005116
2025-02-26,3.8299999999999983,3.825000000000003,96.17,96.175,-0.49999999999954525
2025-02-27,3.8400000000000034,3.8400000000000034,96.16,96.16,0.0
2025-02-28,3.7900000000000063,3.7849999999999966,96.21,96.215,-0.5000000000009663
2025-03-03,3.864999999999995,3.855000000000004,96.135,96.145,-0.9999999999990905
2025-03-04,3.754999999999996,3.754999999999996,96.245,96.245,0.0
2025-03-05,3.9599999999999937,3.980000000000004,96.04,96.02,2.000000000001023
2025-03-06,3.9549999999999983,3.9749999999999934,96.045,96.025,1.9999999999995133
2025-03-07,3.9000000000000057,3.9099999999999966,96.1,96.09,0.9999999999990905
2025-03-10,3.8499999999999934,3.875,96.15,96.125,2.5000000000006573
2025-03-11,3.844999999999999,3.885000000000005,96.155,96.115,4.000000000000625
2025-03-12,3.930000000000007,3.9650000000000034,96.07,96.035,3.499999999999659
2025-03-13,3.9000000000000057,3.9350000000000014,96.1,96.065,3.49999999999957
2025-03-14,3.864999999999995,3.894999999999996,96.135,96.105,3.0000000000001137
2025-03-17,3.855000000000004,3.879999999999996,96.145,96.12,2.4999999999991918
2025-03-18,3.879999999999996,3.905000000000001,96.12,96.095,2.500000000000524
2025-03-19,3.885000000000005,3.905000000000001,96.115,96.095,1.999999999999602
2025-03-20,3.930000000000007,3.944999999999993,96.07,96.055,1.4999999999986358
2025-03-21,3.9099999999999966,3.9399999999999977,96.09,96.06,3.0000000000001137
2025-03-24,3.9350000000000014,3.969999999999999,96.065,96.03,3.4999999999997478
2025-03-25,3.989999999999995,4.019999999999996,96.01,95.98,3.0000000000001137
2025-03-26,3.9350000000000014,3.9749999999999934,96.065,96.025,3.999999999999204
2025-03-27,3.9399999999999977,4.004999999999996,96.06,95.995,6.4999999999998614
2025-03-28,3.864999999999995,3.9200000000000017,96.135,96.08,5.500000000000682
2025-03-31,3.844999999999999,3.890000000000001,96.155,96.11,4.500000000000215
2025-04-01,3.825000000000003,3.864999999999995,96.175,96.135,3.999999999999204
2025-04-02,3.799999999999997,3.844999999999999,96.2,96.155,4.5000000000001705
2025-04-03,3.5900000000000034,3.644999999999996,96.41,96.355,5.499999999999261
2025-04-04,3.519999999999996,3.5799999999999983,96.48,96.42,6.000000000000227
2025-04-07,3.605000000000004,3.6899999999999977,96.395,96.31,8.499999999999375
2025-04-08,3.605000000000004,3.700000000000003,96.395,96.3,9.499999999999886
2025-04-09,3.594999999999999,3.7249999999999934,96.405,96.275,12.999999999999456
2025-04-10,3.510000000000005,3.614999999999995,96.49,96.385,10.499999999998977
2025-04-11,3.644999999999996,3.730000000000004,96.355,96.27,8.500000000000796
2025-04-14,3.629999999999996,3.7099999999999937,96.37,96.29,7.999999999999785
2025-04-15,3.5400000000000063,3.640000000000001,96.46,96.36,9.999999999999476
2025-04-16,3.569999999999993,3.6599999999999966,96.43,96.34,9.000000000000341
2025-04-17,3.4950000000000045,3.5900000000000034,96.505,96.41,9.499999999999886
2025-04-22,3.394999999999996,3.5250000000000057,96.605,96.475,13.000000000000966
2025-04-23,3.5250000000000057,3.61,96.475,96.39,8.49999999999942
2025-04-24,3.4549999999999983,3.549999999999997,96.545,96.45,9.499999999999886
2025-04-25,3.444999999999993,3.5349999999999966,96.555,96.465,9.000000000000341
2025-04-28,3.430000000000007,3.5250000000000057,96.57,96.475,9.499999999999886
2025-04-29,3.390000000000001,3.5,96.61,96.5,10.999999999999899
2025-04-30,3.364999999999995,3.4749999999999943,96.635,96.525,10.999999999999943
2025-05-01,3.3499999999999943,3.4599999999999937,96.65,96.54,10.999999999999943
2025-05-02,3.385000000000005,3.480000000000004,96.615,96.52,9.499999999999886
2025-05-06,3.4000000000000057,3.4950000000000045,96.6,96.505,9.499999999999886
2025-05-07,3.3700000000000045,3.4599999999999937,96.63,96.54,8.99999999999892
2025-05-08,3.444999999999993,3.519999999999996,96.555,96.48,7.500000000000284
2025-05-09,3.4650000000000034,3.549999999999997,96.535,96.45,8.499999999999375
2025-05-12,3.61,3.6700000000000017,96.39,96.33,6.000000000000183
2025-05-13,3.5799999999999983,3.6599999999999966,96.42,96.34,7.9999999999998295
2025-05-14,3.6700000000000017,3.745000000000005,96.33,96.255,7.500000000000329
2025-05-15,3.635000000000005,3.7099999999999937,96.365,96.29,7.499999999998863
2025-05-16,3.620000000000005,3.700000000000003,96.38,96.3,7.999999999999785
2025-05-19,3.635000000000005,3.7099999999999937,96.365,96.29,7.499999999998863
2025-05-20,3.6850000000000014,3.760000000000005,96.315,96.24,7.500000000000373
2025-05-21,3.7150000000000034,3.805000000000007,96.285,96.195,9.000000000000341
2025-05-22,3.6599999999999966,3.765000000000001,96.34,96.235,10.500000000000442
2025-05-23,3.629999999999996,3.7150000000000034,96.37,96.285,8.500000000000751
2025-05-28,3.680000000000007,3.765000000000001,96.32,96.235,8.49999999999942
2025-05-29,3.605000000000004,3.700000000000003,96.395,96.3,9.499999999999886
2025-05-30,3.6500000000000057,3.730000000000004,96.35,96.27,7.9999999999998295
2025-06-02,3.614999999999995,3.7099999999999937,96.385,96.29,9.499999999999886
2025-06-03,3.594999999999999,3.680000000000007,96.405,96.32,8.500000000000796
2025-06-04,3.605000000000004,3.694999999999993,96.395,96.305,8.99999999999892
2025-06-05,3.61,3.700000000000003,96.39,96.3,9.000000000000297
2025-06-06,3.655000000000001,3.730000000000004,96.345,96.27,7.500000000000284
2025-06-09,3.644999999999996,3.730000000000004,96.355,96.27,8.500000000000796
2025-06-10,3.530000000000001,3.625,96.47,96.375,9.499999999999886
2025-06-11,3.515000000000001,3.614999999999995,96.485,96.385,9.999999999999387
2025-06-12,3.469999999999999,3.5600000000000023,96.53,96.44,9.000000000000341
2025-06-13,3.5349999999999966,3.620000000000005,96.465,96.38,8.50000000000084
2025-06-16,3.4849999999999994,3.5799999999999983,96.515,96.42,9.499999999999886
2025-06-17,3.5049999999999955,3.5999999999999943,96.495,96.4,9.499999999999886
2025-06-18,3.4749999999999943,3.5600000000000023,96.525,96.44,8.500000000000796
2025-06-19,3.489999999999995,3.5799999999999983,96.51,96.42,9.000000000000341
2025-06-20,3.510000000000005,3.5999999999999943,96.49,96.4,8.99999999999892
2025-06-23,3.480000000000004,3.575000000000003,96.52,96.425,9.499999999999886
2025-06-24,3.4350000000000023,3.530000000000001,96.565,96.47,9.499999999999886
2025-06-25,3.4350000000000023,3.5349999999999966,96.565,96.465,9.999999999999432
2025-06-26,3.390000000000001,3.489999999999995,96.61,96.51,9.999999999999387
2025-06-27,3.4099999999999966,3.5049999999999955,96.59,96.495,9.499999999999886
2025-06-30,3.385000000000005,3.4849999999999994,96.615,96.515,9.999999999999432
2025-07-01,3.3700000000000045,3.4549999999999983,96.63,96.545,8.499999999999375
2025-07-02,3.4200000000000017,3.530000000000001,96.58,96.47,10.999999999999943
2025-07-03,3.394999999999996,3.4950000000000045,96.605,96.505,10.000000000000853
2025-07-04,3.4000000000000057,3.4950000000000045,96.6,96.505,9.499999999999886
2025-07-07,3.405000000000001,3.510000000000005,96.595,96.49,10.500000000000398
2025-07-08,3.4350000000000023,3.549999999999997,96.565,96.45,11.499999999999488
2025-07-09,3.430000000000007,3.5450000000000017,96.57,96.455,11.499999999999488
2025-07-10,3.430000000000007,3.5400000000000063,96.57,96.46,10.999999999999943
2025-07-11,3.4399999999999977,3.5600000000000023,96.56,96.44,12.000000000000455
2025-07-14,3.394999999999996,3.530000000000001,96.605,96.47,13.500000000000512
2025-07-15,3.424999999999997,3.5649999999999977,96.575,96.435,14.000000000000057
2025-07-16,3.4399999999999977,3.569999999999993,96.56,96.43,12.999999999999545
2025-07-17,3.4749999999999943,3.594999999999999,96.525,96.405,12.000000000000455
2025-07-18,3.5,3.620000000000005,96.5,96.38,12.0000000000005
2025-07-21,3.469999999999999,3.569999999999993,96.53,96.43,9.999999999999432
2025-07-22,3.424999999999997,3.5250000000000057,96.575,96.475,10.000000000000853
2025-07-23,3.4399999999999977,3.549999999999997,96.56,96.45,10.999999999999943
2025-07-24,3.469999999999999,3.5799999999999983,96.53,96.42,10.999999999999943
2025-07-25,3.5,3.605000000000004,96.5,96.395,10.500000000000398
2025-07-28,3.519999999999996,3.629999999999996,96.48,96.37,10.999999999999988
2025-07-29,3.489999999999995,3.5999999999999943,96.51,96.4,10.999999999999943
2025-07-30,3.4849999999999994,3.5849999999999937,96.515,96.415,9.999999999999432
2025-07-31,3.469999999999999,3.555000000000007,96.53,96.445,8.500000000000796
2025-08-01,3.405000000000001,3.5049999999999955,96.595,96.495,9.999999999999432
2025-08-04,3.4099999999999966,3.4849999999999994,96.59,96.515,7.500000000000284
2025-08-05,3.405000000000001,3.4749999999999943,96.595,96.525,6.999999999999318
2025-08-06,3.4000000000000057,3.4749999999999943,96.6,96.525,7.499999999998863
2025-08-07,3.4749999999999943,3.530000000000001,96.525,96.47,5.500000000000682
2025-08-08,3.489999999999995,3.555000000000007,96.51,96.445,6.500000000001194
2025-08-11,3.450000000000003,3.515000000000001,96.55,96.485,6.499999999999817
2025-08-12,3.4749999999999943,3.549999999999997,96.525,96.45,7.500000000000284
2025-08-13,3.450000000000003,3.5250000000000057,96.55,96.475,7.500000000000284
2025-08-14,3.4950000000000045,3.5649999999999977,96.505,96.435,6.999999999999318
2025-08-15,3.519999999999996,3.5900000000000034,96.48,96.41,7.000000000000739
2025-08-18,3.575000000000003,3.6500000000000057,96.425,96.35,7.500000000000284
2025-08-19,3.5900000000000034,3.6599999999999966,96.41,96.34,6.999999999999318
2025-08-20,3.5250000000000057,3.5999999999999943,96.475,96.4,7.499999999998863
2025-08-21,3.575000000000003,3.6500000000000057,96.425,96.35,7.500000000000284
2025-08-22,3.5450000000000017,3.625,96.455,96.375,7.9999999999998295
2025-08-26,3.5999999999999943,3.674999999999997,96.4,96.325,7.500000000000284
2025-08-27,3.5849999999999937,3.655000000000001,96.415,96.345,7.000000000000739
2025-08-28,3.569999999999993,3.640000000000001,96.43,96.36,7.000000000000783
2025-08-29,3.575000000000003,3.644999999999996,96.425,96.355,6.999999999999318
2025-09-01,3.5849999999999937,3.6700000000000017,96.415,96.33,8.500000000000796
2025-09-02,3.614999999999995,3.7049999999999983,96.385,96.295,9.000000000000341
2025-09-03,3.5900000000000034,3.674999999999997,96.41,96.325,8.499999999999375
2025-09-04,3.5799999999999983,3.6599999999999966,96.42,96.34,7.9999999999998295
2025-09-05,3.5250000000000057,3.594999999999999,96.475,96.405,6.999999999999318
2025-09-08,3.5,3.5600000000000023,96.5,96.44,6.000000000000227
2025-09-09,3.515000000000001,3.575000000000003,96.485,96.425,6.000000000000183
2025-09-10,3.5450000000000017,3.605000000000004,96.455,96.395,6.000000000000227
2025-09-11,3.5400000000000063,3.5900000000000034,96.46,96.41,4.999999999999716
2025-09-12,3.575000000000003,3.629999999999996,96.425,96.37,5.4999999999993054
2025-09-15,3.549999999999997,3.605000000000004,96.45,96.395,5.500000000000682
2025-09-16,3.5649999999999977,3.625,96.435,96.375,6.000000000000227
2025-09-17,3.549999999999997,3.61,96.45,96.39,6.000000000000272
2025-09-18,3.555000000000007,3.629999999999996,96.445,96.37,7.4999999999989075
2025-09-19,3.5799999999999983,3.655000000000001,96.42,96.345,7.500000000000284
2025-09-22,3.575000000000003,3.644999999999996,96.425,96.355,6.999999999999318
2025-09-23,3.5649999999999977,3.640000000000001,96.435,96.36,7.500000000000329
2025-09-24,3.549999999999997,3.629999999999996,96.45,96.37,7.999999999999874
2025-09-25,3.605000000000004,3.6850000000000014,96.395,96.315,7.999999999999741
2025-09-26,3.629999999999996,3.7150000000000034,96.37,96.285,8.500000000000751
2025-09-29,3.605000000000004,3.680000000000007,96.395,96.32,7.500000000000284
2025-09-30,3.605000000000004,3.6850000000000014,96.395,96.315,7.999999999999741
2025-10-01,3.575000000000003,3.6500000000000057,96.425,96.35,7.500000000000284
2025-10-02,3.594999999999999,3.674999999999997,96.405,96.325,7.9999999999998295
2025-10-03,3.5799999999999983,3.6500000000000057,96.42,96.35,7.000000000000739
2025-10-06,3.5999999999999943,3.674999999999997,96.4,96.325,7.500000000000284
2025-10-07,3.61,3.6899999999999977,96.39,96.31,7.999999999999785
2025-10-08,3.5999999999999943,3.680000000000007,96.4,96.32,8.00000000000125
2025-10-09,3.620000000000005,3.7049999999999983,96.38,96.295,8.49999999999933
2025-10-10,3.575000000000003,3.655000000000001,96.425,96.345,7.9999999999998295
2025-10-13,3.555000000000007,3.625,96.445,96.375,6.999999999999318
2025-10-14,3.480000000000004,3.555000000000007,96.52,96.445,7.500000000000284
2025-10-15,3.4599999999999937,3.519999999999996,96.54,96.48,6.000000000000227
2025-10-16,3.430000000000007,3.4849999999999994,96.57,96.515,5.499999999999261
2025-10-17,3.450000000000003,3.4950000000000045,96.55,96.505,4.5000000000001705
2025-10-20,3.430000000000007,3.4749999999999943,96.57,96.525,4.4999999999987494
2025-10-21,3.4399999999999977,3.4749999999999943,96.56,96.525,3.499999999999659
2025-10-22,3.344999999999999,3.4099999999999966,96.655,96.59,6.499999999999773
2025-10-23,3.344999999999999,3.4200000000000017,96.655,96.58,7.500000000000284
2025-10-24,3.364999999999995,3.4399999999999977,96.635,96.56,7.500000000000284
2025-10-27,3.3700000000000045,3.4350000000000023,96.63,96.565,6.499999999999773
2025-10-28,3.3349999999999937,3.4099999999999966,96.665,96.59,7.500000000000284
2025-10-29,3.3349999999999937,3.4150000000000063,96.665,96.585,8.00000000000125
2025-10-30,3.3599999999999994,3.4399999999999977,96.64,96.56,7.9999999999998295
2025-10-31,3.3499999999999943,3.430000000000007,96.65,96.57,8.00000000000125
2025-11-03,3.3799999999999955,3.4549999999999983,96.62,96.545,7.500000000000284
2025-11-04,3.355000000000004,3.430000000000007,96.645,96.57,7.500000000000284
2025-11-05,3.405000000000001,3.4849999999999994,96.595,96.515,7.9999999999998295
2025-11-06,3.375,3.450000000000003,96.625,96.55,7.500000000000284
2025-11-07,3.385000000000005,3.4599999999999937,96.615,96.54,7.499999999998863
2025-11-10,3.390000000000001,3.4650000000000034,96.61,96.535,7.50000000000024
2025-11-11,3.305000000000007,3.385000000000005,96.695,96.615,7.9999999999998295
2025-11-12,3.3149999999999977,3.405000000000001,96.685,96.595,9.000000000000341
2025-11-13,3.3400000000000034,3.4350000000000023,96.66,96.565,9.499999999999886
2025-11-14,3.4399999999999977,3.5649999999999977,96.56,96.435,12.5
2025-11-17,3.4000000000000057,3.515000000000001,96.6,96.485,11.499999999999533
2025-11-18,3.3799999999999955,3.510000000000005,96.62,96.49,13.000000000000966
2025-11-19,3.4000000000000057,3.530000000000001,96.6,96.47,12.999999999999545
2025-11-20,3.385000000000005,3.515000000000001,96.615,96.485,12.99999999999959
2025-11-21,3.3599999999999994,3.4849999999999994,96.64,96.515,12.5
2025-11-24,3.385000000000005,3.515000000000001,96.615,96.485,12.99999999999959
2025-11-25,3.3499999999999943,3.4650000000000034,96.65,96.535,11.50000000000091
2025-11-26,3.319999999999993,3.424999999999997,96.68,96.575,10.500000000000398
2025-11-27,3.3599999999999994,3.4650000000000034,96.64,96.535,10.500000000000398
2025-11-28,3.344999999999999,3.444999999999993,96.655,96.555,9.999999999999432
2025-12-01,3.355000000000004,3.4650000000000034,96.645,96.535,10.999999999999943
2025-12-02,3.344999999999999,3.4599999999999937,96.655,96.54,11.499999999999488
2025-12-03,3.3299999999999983,3.4350000000000023,96.67,96.565,10.500000000000398
2025-12-04,3.3149999999999977,3.4200000000000017,96.685,96.58,10.500000000000398
2025-12-05,3.3799999999999955,3.4950000000000045,96.62,96.505,11.50000000000091
2025-12-08,3.444999999999993,3.5849999999999937,96.555,96.415,14.000000000000057
2025-12-09,3.424999999999997,3.549999999999997,96.575,96.45,12.5
2025-12-10,3.444999999999993,3.575000000000003,96.555,96.425,13.000000000000966
2025-12-11,3.405000000000001,3.530000000000001,96.595,96.47,12.5
2025-12-12,3.375,3.510000000000005,96.625,96.49,13.500000000000512
2025-12-15,3.355000000000004,3.4849999999999994,96.645,96.515,12.999999999999545
2025-12-16,3.390000000000001,3.515000000000001,96.61,96.485,12.5
2025-12-17,3.3149999999999977,3.4549999999999983,96.685,96.545,14.000000000000057
2025-12-18,3.355000000000004,3.480000000000004,96.645,96.52,12.5
2025-12-19,3.364999999999995,3.5049999999999955,96.635,96.495,14.000000000000057
2025-12-22,3.364999999999995,3.519999999999996,96.635,96.48,15.500000000000114
2025-12-23,3.364999999999995,3.510000000000005,96.635,96.49,14.500000000001023
2025-12-24,3.375,3.519999999999996,96.625,96.48,14.499999999999602
2025-12-29,3.344999999999999,3.480000000000004,96.655,96.52,13.500000000000512
2025-12-30,3.344999999999999,3.469999999999999,96.655,96.53,12.5
2025-12-31,3.3299999999999983,3.450000000000003,96.67,96.55,12.000000000000455
2026-01-02,3.3499999999999943,3.489999999999995,96.65,96.51,14.000000000000057
2026-01-05,3.3349999999999937,3.4749999999999943,96.665,96.525,14.000000000000057
2026-01-06,3.319999999999993,3.4549999999999983,96.68,96.545,13.500000000000512
2026-01-07,3.299999999999997,3.4099999999999966,96.7,96.59,10.999999999999943
2026-01-08,3.299999999999997,3.4200000000000017,96.7,96.58,12.000000000000455
2026-01-09,3.2750000000000057,3.385000000000005,96.725,96.615,10.999999999999943
2026-01-12,3.2849999999999966,3.4000000000000057,96.715,96.6,11.50000000000091
2026-01-13,3.2900000000000063,3.4150000000000063,96.71,96.585,12.5
2026-01-14,3.269999999999996,3.385000000000005,96.73,96.615,11.50000000000091
2026-01-15,3.305000000000007,3.4350000000000023,96.695,96.565,12.999999999999545
2026-01-16,3.325000000000003,3.469999999999999,96.675,96.53,14.499999999999602
2026-01-19,3.3149999999999977,3.4549999999999983,96.685,96.545,14.000000000000057
2026-01-20,3.319999999999993,3.480000000000004,96.68,96.52,16.00000000000108
2026-01-21,3.3100000000000023,3.4749999999999943,96.69,96.525,16.499999999999204
2026-01-22,3.3299999999999983,3.5049999999999955,96.67,96.495,17.499999999999716
2026-01-23,3.375,3.5600000000000023,96.625,96.44,18.500000000000227
2026-01-26,3.390000000000001,3.569999999999993,96.61,96.43,17.99999999999922
2026-01-27,3.394999999999996,3.5799999999999983,96.605,96.42,18.500000000000227
2026-01-28,3.4000000000000057,3.5799999999999983,96.6,96.42,17.99999999999926
2026-01-29,3.3700000000000045,3.5400000000000063,96.63,96.46,17.00000000000017
2026-01-30,3.375,3.555000000000007,96.625,96.445,18.000000000000682
2026-02-02,3.3700000000000045,3.5450000000000017,96.63,96.455,17.499999999999716
2026-02-03,3.385000000000005,3.555000000000007,96.615,96.445,17.00000000000017
2026-02-04,3.375,3.5450000000000017,96.625,96.455,17.00000000000017
2026-02-05,3.299999999999997,3.5,96.7,96.5,20.000000000000284
2026-02-06,3.2849999999999966,3.480000000000004,96.715,96.52,19.50000000000074
2026-02-09,3.299999999999997,3.489999999999995,96.7,96.51,18.999999999999773
2026-02-10,3.305000000000007,3.489999999999995,96.695,96.51,18.499999999998806
2026-02-11,3.299999999999997,3.480000000000004,96.7,96.52,18.000000000000682
2026-02-12,3.2750000000000057,3.4399999999999977,96.725,96.56,16.499999999999204
2026-02-13,3.265000000000001,3.4099999999999966,96.735,96.59,14.499999999999558
2026-02-16,3.2549999999999955,3.385000000000005,96.745,96.615,13.000000000000966
2026-02-17,3.2349999999999994,3.364999999999995,96.765,96.635,12.999999999999545
2026-02-18,3.2450000000000045,3.3799999999999955,96.755,96.62,13.49999999999909
2026-02-19,3.239999999999995,3.375,96.76,96.625,13.500000000000512
2026-02-20,3.25,3.375,96.75,96.625,12.5
2026-02-23,3.239999999999995,3.3400000000000034,96.76,96.66,10.000000000000853
2026-02-24,3.25,3.344999999999999,96.75,96.655,9.499999999999886
2026-02-25,3.2549999999999955,3.355000000000004,96.745,96.645,10.000000000000853
2026-02-26,3.2249999999999943,3.3349999999999937,96.775,96.665,10.999999999999943
2026-02-27,3.200000000000003,3.2849999999999966,96.8,96.715,8.499999999999375
2026-03-02,3.344999999999999,3.4099999999999966,96.655,96.59,6.499999999999773
2026-03-03,3.5,3.569999999999993,96.5,96.43,6.999999999999318
2026-03-04,3.405000000000001,3.4849999999999994,96.595,96.515,7.9999999999998295
2026-03-05,3.5,3.594999999999999,96.5,96.405,9.499999999999886
2026-03-06,3.614999999999995,3.739999999999995,96.385,96.26,12.5
2026-03-09,3.769999999999996,3.8400000000000034,96.23,96.16,7.000000000000739
2026-03-10,3.614999999999995,3.700000000000003,96.385,96.3,8.500000000000796
2026-03-11,3.8299999999999983,3.890000000000001,96.17,96.11,6.000000000000272
2026-03-12,3.9350000000000014,4.0,96.065,96.0,6.4999999999998614
2026-03-13,3.9599999999999937,4.025000000000006,96.04,95.975,6.500000000001194
2026-03-16,3.9200000000000017,3.9599999999999937,96.08,96.04,3.999999999999204
2026-03-17,3.885000000000005,3.905000000000001,96.115,96.095,1.999999999999602
2026-03-18,3.9650000000000034,3.950000000000003,96.035,96.05,-1.5000000000000568
2026-03-19,4.420000000000002,4.224999999999994,95.58,95.775,-19.50000000000074
2026-03-20,4.625,4.420000000000002,95.375,95.58,-20.49999999999983
2026-03-23,4.439999999999998,4.280000000000001,95.56,95.72,-15.999999999999659
2026-03-24,4.435000000000002,4.260000000000005,95.565,95.74,-17.499999999999716
2026-03-25,4.364999999999995,4.209999999999994,95.635,95.79,-15.500000000000114
2026-03-26,4.480000000000004,4.329999999999998,95.52,95.67,-15.000000000000568
2026-03-27,4.469999999999999,4.319999999999993,95.53,95.68,-15.000000000000568
2026-03-30,4.409999999999997,4.254999999999996,95.59,95.745,-15.500000000000025
2026-03-31,4.359999999999999,4.215000000000003,95.64,95.785,-14.499999999999602
2026-04-01,4.230000000000004,4.129999999999996,95.77,95.87,-10.000000000000764
2026-04-02,4.269999999999996,4.150000000000006,95.73,95.85,-11.999999999999034
2026-04-07,4.405000000000001,4.275000000000006,95.595,95.725,-12.999999999999545
2026-04-08,4.084999999999994,3.985,95.915,96.015,-9.999999999999387
2026-04-09,4.140000000000001,4.060000000000002,95.86,95.94,-7.9999999999998295
2026-04-10,4.165000000000006,4.064999999999998,95.835,95.935,-10.000000000000853
2026-04-13,4.239999999999995,4.125,95.76,95.875,-11.499999999999488
2026-04-14,4.129999999999996,4.025000000000006,95.87,95.975,-10.499999999999066
2026-04-15,4.129999999999996,4.010000000000005,95.87,95.99,-11.999999999999122
2026-04-16,4.1200000000000045,4.015000000000001,95.88,95.985,-10.500000000000398
2026-04-17,3.985,3.870000000000005,96.015,96.13,-11.499999999999488
2026-04-20,4.049999999999997,3.9549999999999983,95.95,96.045,-9.499999999999886
2026-04-21,4.165000000000006,4.049999999999997,95.835,95.95,-11.50000000000091
2026-04-22,4.230000000000004,4.1200000000000045,95.77,95.88,-10.999999999999943
2026-04-23,4.275000000000006,4.170000000000002,95.725,95.83,-10.500000000000398
2026-04-24,4.299999999999997,4.200000000000003,95.7,95.8,-9.999999999999432
2026-04-27,4.314999999999998,4.209999999999994,95.685,95.79,-10.500000000000398
2026-04-28,4.375,4.269999999999996,95.625,95.73,-10.500000000000398
2026-04-29,4.504999999999996,4.390000000000001,95.495,95.61,-11.499999999999577
2026-04-30,4.409999999999997,4.295000000000002,95.59,95.705,-11.499999999999488
2026-05-01,4.390000000000001,4.267499999999998,95.61,95.7325,-12.250000000000227
2026-05-05,4.459999999999994,4.385000000000005,95.54,95.615,-7.499999999998863
2026-05-06,4.305000000000007,4.230000000000004,95.695,95.77,-7.500000000000284
2026-05-07,4.290000000000006,4.204999999999998,95.71,95.795,-8.500000000000796
2026-05-08,4.319999999999993,4.224999999999994,95.68,95.775,-9.499999999999886
2026-05-11,4.405000000000001,4.340000000000003,95.595,95.66,-6.499999999999773
2026-05-12,4.469999999999999,4.454999999999998,95.53,95.545,-1.5000000000000568
2026-05-13,4.420000000000002,4.430000000000007,95.58,95.57,1.0000000000005116
2026-05-14,4.364999999999995,4.359999999999999,95.635,95.64,-0.49999999999954525
2026-05-15,4.444999999999993,4.510000000000005,95.555,95.49,6.500000000001194
2026-05-18,4.405000000000001,4.5,95.595,95.5,9.499999999999886
2026-05-19,4.390000000000001,4.480000000000004,95.61,95.52,9.000000000000341
2026-05-20,4.265000000000001,4.334999999999994,95.735,95.665,6.999999999999318
2026-05-21,4.284999999999997,4.319999999999993,95.715,95.68,3.499999999999659
2026-05-22,4.2450000000000045,4.275000000000006,95.755,95.725,3.0000000000001137
2026-05-26,4.200000000000003,4.209999999999994,95.8,95.79,0.9999999999990905
2026-05-27,4.155000000000001,4.159999999999997,95.845,95.84,0.49999999999954525
2026-05-28,4.125,4.125,95.875,95.875,0.0
2026-05-29,4.079999999999998,4.084999999999994,95.92,95.915,0.49999999999954525
2026-06-01,4.234999999999999,4.2450000000000045,95.765,95.755,1.0000000000005116
2026-06-02,4.215000000000003,4.215000000000003,95.785,95.785,0.0
2026-06-03,4.260000000000005,4.269999999999996,95.74,95.73,0.9999999999990905
2026-06-04,4.230000000000004,4.260000000000005,95.77,95.74,3.0000000000001137
2026-06-05,4.224999999999994,4.269999999999996,95.775,95.73,4.5000000000001705
2026-06-08,4.260000000000005,4.314999999999998,95.74,95.685,5.499999999999261
2026-06-09,4.224999999999994,4.269999999999996,95.775,95.73,4.5000000000001705
2026-06-10,4.254999999999996,4.299999999999997,95.745,95.7,4.500000000000082
2026-06-11,4.234999999999999,4.275000000000006,95.765,95.725,4.000000000000625
2026-06-12,4.129999999999996,4.159999999999997,95.87,95.84,3.000000000000025
2026-06-15,4.060000000000002,4.069999999999993,95.94,95.93,0.9999999999990905
2026-06-16,4.084999999999994,4.099999999999994,95.915,95.9,1.5000000000000568
2026-06-17,4.055000000000007,4.040000000000006,95.945,95.96,-1.5000000000000568
2026-06-18,4.060000000000002,4.064999999999998,95.94,95.935,0.49999999999954525
2026-06-19,4.109999999999999,4.174999999999997,95.89,95.825,6.499999999999773
2026-06-22,4.060000000000002,4.125,95.94,95.875,6.499999999999773
2026-06-23,4.030000000000001,4.064999999999998,95.97,95.935,3.499999999999659
2026-06-24,4.010000000000005,4.010000000000005,95.99,95.99,0.0
2026-06-25,3.980000000000004,3.969999999999999,96.02,96.03,-1.0000000000005116
2026-06-26,3.9749999999999934,3.9749999999999934,96.025,96.025,0.0
2026-06-29,3.985,3.989999999999995,96.015,96.01,0.49999999999950084
2026-06-30,3.985,4.019999999999996,96.015,95.98,3.4999999999996145
2026-07-01,3.9599999999999937,4.004999999999996,96.04,95.995,4.500000000000259
2026-07-02,3.9350000000000014,3.969999999999999,96.065,96.03,3.4999999999997478
2026-07-03,3.9350000000000014,3.980000000000004,96.065,96.02,4.500000000000259
2026-07-06,3.9350000000000014,3.9749999999999934,96.065,96.025,3.999999999999204
2026-07-07,3.969999999999999,4.025000000000006,96.03,95.975,5.500000000000682
2026-07-08,4.135000000000005,4.219999999999999,95.865,95.78,8.499999999999375
2026-07-09,4.064999999999998,4.140000000000001,95.935,95.86,7.500000000000284
2026-07-10,4.055000000000007,4.129999999999996,95.945,95.87,7.499999999998952
2026-07-13,4.165000000000006,4.260000000000005,95.835,95.74,9.499999999999886
2026-07-14,4.140000000000001,4.234999999999999,95.86,95.765,9.499999999999886
2026-07-15,4.140000000000001,4.25,95.86,95.75,10.999999999999943
2026-07-16,4.165000000000006,4.295000000000002,95.835,95.705,12.999999999999545
2026-07-17,4.165000000000006,4.299999999999997,95.835,95.7,13.49999999999909
2026-07-20,4.200000000000003,4.349999999999994,95.8,95.65,14.999999999999147
2026-07-21,4.204999999999998,4.385000000000005,95.795,95.615,18.000000000000682
2026-07-22,4.239999999999995,4.450000000000003,95.76,95.55,21.000000000000796
2026-07-23,4.290000000000006,4.519999999999996,95.71,95.48,22.999999999998977
2026-07-24,4.224999999999994,4.439999999999998,95.775,95.56,21.50000000000034
2026-07-27,4.180000000000007,4.355000000000004,95.82,95.645,17.499999999999716
2026-07-28,4.140000000000001,4.299999999999997,95.86,95.7,15.999999999999659
2026-07-29,4.200000000000003,4.420000000000002,95.8,95.58,21.999999999999886
2026-07-30,4.114999999999995,4.325000000000003,95.885,95.675,21.000000000000796
2026-07-31,4.129999999999996,4.385000000000005,95.87,95.615,25.500000000000878
2026-08-03,4.069999999999993,4.280000000000001,95.93,95.72,21.000000000000796
2026-08-04,4.034999999999997,4.204999999999998,95.965,95.795,17.00000000000017
2026-08-05,4.004999999999996,4.170000000000002,95.995,95.83,16.500000000000536
2026-08-06,4.030000000000001,4.224999999999994,95.97,95.775,19.499999999999318
2026-08-07,4.034999999999997,4.230000000000004,95.965,95.77,19.50000000000074
2026-08-10,4.064999999999998,4.310000000000002,95.935,95.69,24.500000000000455
2026-08-11,4.040000000000006,4.265000000000001,95.96,95.735,22.49999999999943
2026-08-12,4.060000000000002,4.284999999999997,95.94,95.715,22.49999999999943
2026-08-13,4.049999999999997,4.260000000000005,95.95,95.74,21.000000000000796
2026-08-14,4.055000000000007,4.305000000000007,95.945,95.695,25.0
2026-08-17,4.075000000000003,4.329999999999998,95.925,95.67,25.499999999999545
2026-08-18,4.084999999999994,4.359999999999999,95.915,95.64,27.50000000000057
2026-08-19,4.069999999999993,4.355000000000004,95.93,95.645,28.50000000000108
2026-08-20,4.075000000000003,4.359999999999999,95.925,95.64,28.49999999999966
2026-08-21,4.069999999999993,4.340000000000003,95.93,95.66,27.000000000001023
2026-08-24,4.084999999999994,4.385000000000005,95.915,95.615,30.000000000001137
2026-08-25,4.049999999999997,4.305000000000007,95.95,95.695,25.500000000000966
2026-08-26,4.049999999999997,4.319999999999993,95.95,95.68,26.999999999999602
2026-08-27,4.055000000000007,4.334999999999994,95.945,95.665,27.999999999998693
2026-08-28,4.094999999999999,4.415000000000006,95.905,95.585,32.00000000000074
2026-09-01,4.140000000000001,4.519999999999996,95.86,95.48,37.999999999999545
2026-09-02,4.155000000000001,4.564999999999998,95.845,95.435,40.99999999999966
2026-09-03,4.105000000000004,4.454999999999998,95.895,95.545,34.99999999999943
2026-09-04,4.094999999999999,4.450000000000003,95.905,95.55,35.5000000000004
2026-09-07,4.1200000000000045,4.4950000000000045,95.88,95.505,37.5
2026-09-08,4.1200000000000045,4.510000000000005,95.88,95.49,39.00000000000006
2026-09-09,4.159999999999997,4.625,95.84,95.375,46.50000000000034
2026-09-10,4.275000000000006,4.855000000000004,95.725,95.145,57.99999999999983
2026-09-11,4.284999999999997,4.819999999999993,95.715,95.18,53.49999999999966
2026-09-14,4.344999999999999,4.939999999999998,95.655,95.06,59.499999999999886
2026-09-15,4.310000000000002,4.894999999999996,95.69,95.105,58.499999999999375
2026-09-16,4.224999999999994,4.724999999999994,95.775,95.275,50.0
2026-09-17,4.230000000000004,4.730000000000004,95.77,95.27,50.0
2026-09-18,4.25,4.879999999999996,95.75,95.12,62.99999999999963
